"../../../Engine/Plugins/Animation/ACLPlugin/Content/ACLAnimCurveCompressionSettings.uasset" 0
"../../../Engine/Plugins/Animation/ACLPlugin/Content/ACLAnimCurveCompressionSettings.uexp" 1
"../../../Engine/Plugins/Animation/ACLPlugin/Content/ACLAnimBoneCompressionSettings.uasset" 2
"../../../Engine/Plugins/Animation/ACLPlugin/Content/ACLAnimBoneCompressionSettings.uexp" 3
"../../../Engine/Plugins/2D/Paper2D/Content/PlaceholderTextures/DummySpriteTexture.ubulk" 4
"../../../Engine/Plugins/2D/Paper2D/Content/PlaceholderTextures/DummySpriteTexture.uasset" 5
"../../../Engine/Plugins/2D/Paper2D/Content/PlaceholderTextures/DummySpriteTexture.uexp" 6
"../../../Engine/Plugins/2D/Paper2D/Content/DummySprite.uasset" 7
"../../../Engine/Plugins/2D/Paper2D/Content/DummySprite.uexp" 8
"../../../Engine/Plugins/2D/Paper2D/Content/DefaultPaperTerrainMaterial.uasset" 9
"../../../Engine/Plugins/2D/Paper2D/Content/DefaultPaperTerrainMaterial.uexp" 10
"../../../Engine/Plugins/Interchange/Runtime/Content/Pipelines/DefaultTexturePipeline.uasset" 11
"../../../Engine/Plugins/Interchange/Runtime/Content/Pipelines/DefaultTexturePipeline.uexp" 12
"../../../Engine/Plugins/Interchange/Runtime/Content/Pipelines/DefaultSceneLevelPipeline.uasset" 13
"../../../Engine/Plugins/Interchange/Runtime/Content/Pipelines/DefaultSceneLevelPipeline.uexp" 14
"../../../Engine/Plugins/Interchange/Runtime/Content/Pipelines/DefaultSceneAssetsPipeline.uasset" 15
"../../../Engine/Plugins/Interchange/Runtime/Content/Pipelines/DefaultSceneAssetsPipeline.uexp" 16
"../../../Engine/Plugins/Interchange/Runtime/Content/Pipelines/DefaultMaterialXPipeline.uasset" 17
"../../../Engine/Plugins/Interchange/Runtime/Content/Pipelines/DefaultMaterialXPipeline.uexp" 18
"../../../Engine/Plugins/Interchange/Runtime/Content/Pipelines/DefaultMaterialPipeline.uasset" 19
"../../../Engine/Plugins/Interchange/Runtime/Content/Pipelines/DefaultMaterialPipeline.uexp" 20
"../../../Engine/Plugins/Interchange/Runtime/Content/Pipelines/DefaultGLTFSceneAssetsPipeline.uasset" 21
"../../../Engine/Plugins/Interchange/Runtime/Content/Pipelines/DefaultGLTFSceneAssetsPipeline.uexp" 22
"../../../Engine/Plugins/Interchange/Runtime/Content/Pipelines/DefaultGLTFPipeline.uasset" 23
"../../../Engine/Plugins/Interchange/Runtime/Content/Pipelines/DefaultGLTFPipeline.uexp" 24
"../../../Engine/Plugins/Interchange/Runtime/Content/Pipelines/DefaultGLTFAssetsPipeline.uasset" 25
"../../../Engine/Plugins/Interchange/Runtime/Content/Pipelines/DefaultGLTFAssetsPipeline.uexp" 26
"../../../Engine/Plugins/Interchange/Runtime/Content/Pipelines/DefaultAssetsPipeline.uasset" 27
"../../../Engine/Plugins/Interchange/Runtime/Content/Pipelines/DefaultAssetsPipeline.uexp" 28
"../../../Engine/Plugins/Animation/ControlRig/Content/Controls/DefaultGizmoLibraryNormalized.uasset" 29
"../../../Engine/Plugins/Animation/ControlRig/Content/Controls/DefaultGizmoLibraryNormalized.uexp" 30
"../../../Engine/Content/EngineSounds/Master.uasset" 31
"../../../Engine/Content/EngineSounds/Master.uexp" 32
"../../../Engine/Content/EngineMaterials/DefaultDestructiblePhysicalMaterial.uasset" 33
"../../../Engine/Content/EngineMaterials/DefaultDestructiblePhysicalMaterial.uexp" 34
"../../../Engine/Content/EngineFonts/Faces/RobotoLight.uexp" 35
"../../../Engine/Content/EngineFonts/Faces/RobotoLight.uasset" 36
"../../../Engine/Content/EngineFonts/Faces/RobotoLight.ufont" 37
"../../../Engine/Content/EngineFonts/Faces/RobotoBold.uexp" 38
"../../../Engine/Content/EngineFonts/Faces/RobotoBold.uasset" 39
"../../../Engine/Content/EngineFonts/Faces/RobotoBold.ufont" 40
"../../../Engine/Content/EngineFonts/Faces/RobotoRegular.uexp" 41
"../../../Engine/Content/EngineFonts/Faces/RobotoRegular.uasset" 42
"../../../Engine/Content/EngineFonts/Faces/RobotoRegular.ufont" 43
"../../../Engine/Content/EngineFonts/Faces/DroidSansFallback.uexp" 44
"../../../Engine/Content/EngineFonts/Faces/DroidSansFallback.uasset" 45
"../../../Engine/Content/EngineFonts/Faces/DroidSansFallback.ufont" 46
"../../../Engine/Content/EngineFonts/Faces/RobotoItalic.uexp" 47
"../../../Engine/Content/EngineFonts/Faces/RobotoItalic.uasset" 48
"../../../Engine/Content/EngineFonts/Faces/RobotoItalic.ufont" 49
"../../../Engine/Content/EngineFonts/Faces/RobotoBoldItalic.uexp" 50
"../../../Engine/Content/EngineFonts/Faces/RobotoBoldItalic.uasset" 51
"../../../Engine/Content/EngineFonts/Faces/RobotoBoldItalic.ufont" 52
"../../../Engine/Content/EngineFonts/Roboto.uasset" 53
"../../../Engine/Content/EngineFonts/Roboto.uexp" 54
"../../../Engine/Content/Animation/DefaultVariableFrameStrippingSettings.uasset" 55
"../../../Engine/Content/Animation/DefaultVariableFrameStrippingSettings.uexp" 56
"../../../Engine/Content/Animation/DefaultRecorderBoneCompression.uasset" 57
"../../../Engine/Content/Animation/DefaultRecorderBoneCompression.uexp" 58
"../../../Engine/Content/MobileResources/HUD/VirtualJoystick_Background.uasset" 59
"../../../Engine/Content/MobileResources/HUD/VirtualJoystick_Background.uexp" 60
"../../../Engine/Content/MobileResources/HUD/VirtualJoystick_Thumb.uasset" 61
"../../../Engine/Content/MobileResources/HUD/VirtualJoystick_Thumb.uexp" 62
"../../../Engine/Content/MobileResources/HUD/DefaultVirtualJoysticks.uasset" 63
"../../../Engine/Content/MobileResources/HUD/DefaultVirtualJoysticks.uexp" 64
"../../../Engine/Content/EditorResources/S_Actor.ubulk" 65
"../../../Engine/Content/EditorResources/S_Actor.uasset" 66
"../../../Engine/Content/EditorResources/S_Actor.uexp" 67
"../../../Engine/Plugins/Runtime/AudioWidgets/Content/Resources/ScrubHandleDown_Clamped.uasset" 68
"../../../Engine/Plugins/Runtime/AudioWidgets/Content/Resources/ScrubHandleDown_Clamped.uexp" 69
"../../../Engine/Content/EngineResources/GradientTexture0.uasset" 70
"../../../Engine/Content/EngineResources/GradientTexture0.uexp" 71
"../../../Engine/Content/EngineResources/DefaultTexture.ubulk" 72
"../../../Engine/Content/EngineResources/DefaultTexture.uasset" 73
"../../../Engine/Content/EngineResources/DefaultTexture.uexp" 74
"../../../Engine/Content/EngineResources/Black.uasset" 75
"../../../Engine/Content/EngineResources/Black.uexp" 76
"../../../Engine/Content/EngineMaterials/PreintegratedSkinBRDF.uasset" 77
"../../../Engine/Content/EngineMaterials/PreintegratedSkinBRDF.uexp" 78
"../../../Engine/Content/EngineMaterials/MiniFont.uasset" 79
"../../../Engine/Content/EngineMaterials/MiniFont.uexp" 80
"../../../Engine/Content/EngineMaterials/FastBlueNoise_vec2_128x128x64.uasset" 81
"../../../Engine/Content/EngineMaterials/FastBlueNoise_vec2_128x128x64.uexp" 82
"../../../Engine/Content/EngineMaterials/FastBlueNoise_scalar_128x128x64.uasset" 83
"../../../Engine/Content/EngineMaterials/FastBlueNoise_scalar_128x128x64.uexp" 84
"../../../Engine/Content/EngineMaterials/DefaultWhiteGrid.ubulk" 85
"../../../Engine/Content/EngineMaterials/DefaultWhiteGrid.uasset" 86
"../../../Engine/Content/EngineMaterials/DefaultWhiteGrid.uexp" 87
"../../../Engine/Content/EngineMaterials/DefaultBokeh.uasset" 88
"../../../Engine/Content/EngineMaterials/DefaultBokeh.uexp" 89
"../../../Engine/Content/EngineMaterials/DefaultBloomKernel.uasset" 90
"../../../Engine/Content/EngineMaterials/DefaultBloomKernel.uexp" 91
"../../../Engine/Content/EngineDamageTypes/DmgTypeBP_Environmental.uasset" 92
"../../../Engine/Content/EngineDamageTypes/DmgTypeBP_Environmental.uexp" 93
"../../../Engine/Content/EditorResources/S_TriggerSphere.uasset" 94
"../../../Engine/Content/EditorResources/S_TriggerSphere.uexp" 95
"../../../Engine/Content/EditorResources/S_TriggerCapsule.uasset" 96
"../../../Engine/Content/EditorResources/S_TriggerCapsule.uexp" 97
"../../../Engine/Content/EditorResources/S_TriggerBox.uasset" 98
"../../../Engine/Content/EditorResources/S_TriggerBox.uexp" 99
"../../../Engine/Content/EditorResources/S_Trigger.ubulk" 100
"../../../Engine/Content/EditorResources/S_Trigger.uasset" 101
"../../../Engine/Content/EditorResources/S_Trigger.uexp" 102
"../../../Engine/Content/EditorResources/S_Terrain.ubulk" 103
"../../../Engine/Content/EditorResources/S_Terrain.uasset" 104
"../../../Engine/Content/EditorResources/S_Terrain.uexp" 105
"../../../Engine/Content/EditorResources/S_Solver.ubulk" 106
"../../../Engine/Content/EditorResources/S_Solver.uasset" 107
"../../../Engine/Content/EditorResources/S_Solver.uexp" 108
"../../../Engine/Content/EditorResources/S_BoxReflectionCapture.uasset" 109
"../../../Engine/Content/EditorResources/S_BoxReflectionCapture.uexp" 110
"../../../Engine/Content/EditorResources/EmptyActor.uasset" 111
"../../../Engine/Content/EditorResources/EmptyActor.uexp" 112
"../../../Engine/Content/EditorResources/BSPVertex.uasset" 113
"../../../Engine/Content/EditorResources/BSPVertex.uexp" 114
"../../../Engine/Content/EditorLandscapeResources/DefaultAlphaTexture.uasset" 115
"../../../Engine/Content/EditorLandscapeResources/DefaultAlphaTexture.uexp" 116
"../../../Engine/Content/EngineResources/FilmGrains/Marcie_Grain_v3_128_M2_000.uasset" 117
"../../../Engine/Content/EngineResources/FilmGrains/Marcie_Grain_v3_128_M2_000.uexp" 118
"../../../Engine/Content/EngineMaterials/LTC/Sheen_LTC.uasset" 119
"../../../Engine/Content/EngineMaterials/LTC/Sheen_LTC.uexp" 120
"../../../Engine/Content/EngineMaterials/LTC/GGX_LTCMat.uasset" 121
"../../../Engine/Content/EngineMaterials/LTC/GGX_LTCMat.uexp" 122
"../../../Engine/Content/EngineMaterials/LTC/GGX_LTCAmp.uasset" 123
"../../../Engine/Content/EngineMaterials/LTC/GGX_LTCAmp.uexp" 124
"../../../Engine/Content/EngineMaterials/EnergyConservation/Sheen_Energy.uasset" 125
"../../../Engine/Content/EngineMaterials/EnergyConservation/Sheen_Energy.uexp" 126
"../../../Engine/Content/EngineMaterials/EnergyConservation/SheenLegacy_Energy.uasset" 127
"../../../Engine/Content/EngineMaterials/EnergyConservation/SheenLegacy_Energy.uexp" 128
"../../../Engine/Content/EngineMaterials/EnergyConservation/GGX_TransmissionEnergyArray.uasset" 129
"../../../Engine/Content/EngineMaterials/EnergyConservation/GGX_TransmissionEnergyArray.uexp" 130
"../../../Engine/Content/EngineMaterials/EnergyConservation/GGX_ReflectionEnergy.uasset" 131
"../../../Engine/Content/EngineMaterials/EnergyConservation/GGX_ReflectionEnergy.uexp" 132
"../../../Engine/Content/EngineMaterials/EnergyConservation/Diffuse_Energy.uasset" 133
"../../../Engine/Content/EngineMaterials/EnergyConservation/Diffuse_Energy.uexp" 134
"../../../Engine/Content/EditorResources/SequenceRecorder/RecordingIndicator.uasset" 135
"../../../Engine/Content/EditorResources/SequenceRecorder/RecordingIndicator.uexp" 136
"../../../Engine/Content/EditorResources/SequenceRecorder/Countdown.uasset" 137
"../../../Engine/Content/EditorResources/SequenceRecorder/Countdown.uexp" 138
"../../../Engine/Content/EditorMaterials/ParticleSystems/PSysThumbnail_OOD.ubulk" 139
"../../../Engine/Content/EditorMaterials/ParticleSystems/PSysThumbnail_OOD.uasset" 140
"../../../Engine/Content/EditorMaterials/ParticleSystems/PSysThumbnail_OOD.uexp" 141
"../../../Engine/Content/EditorMaterials/ParticleSystems/PSysThumbnail_NoImage.ubulk" 142
"../../../Engine/Content/EditorMaterials/ParticleSystems/PSysThumbnail_NoImage.uasset" 143
"../../../Engine/Content/EditorMaterials/ParticleSystems/PSysThumbnail_NoImage.uexp" 144
"../../../Engine/Content/EngineResources/DefaultTextureCube.uasset" 145
"../../../Engine/Content/EngineResources/DefaultTextureCube.uexp" 146
"../../../Engine/Content/EngineResources/DefaultVolumeTexture2D.uasset" 147
"../../../Engine/Content/EngineResources/DefaultVolumeTexture2D.uexp" 148
"../../../Engine/Content/EngineResources/DefaultVolumeTexture.uasset" 149
"../../../Engine/Content/EngineResources/DefaultVolumeTexture.uexp" 150
"../../../Engine/Content/Functions/Engine_MaterialFunctions02/WorldPositionOffset/CameraOffset.uasset" 151
"../../../Engine/Content/Functions/Engine_MaterialFunctions02/WorldPositionOffset/CameraOffset.uexp" 152
"../../../Engine/Plugins/Animation/ControlRig/Content/M_Manip.uasset" 153
"../../../Engine/Plugins/Animation/ControlRig/Content/M_Manip.uexp" 154
"../../../Engine/Plugins/Runtime/MeshModelingToolset/Content/Materials/M_DynamicMeshComponentVtxColor.uasset" 155
"../../../Engine/Plugins/Runtime/MeshModelingToolset/Content/Materials/M_DynamicMeshComponentVtxColor.uexp" 156
"../../../Engine/Plugins/Runtime/HairStrands/Content/Materials/HairMeshesDefaultMaterial.uasset" 157
"../../../Engine/Plugins/Runtime/HairStrands/Content/Materials/HairMeshesDefaultMaterial.uexp" 158
"../../../Engine/Plugins/Runtime/HairStrands/Content/Materials/HairDefaultMaterial.uasset" 159
"../../../Engine/Plugins/Runtime/HairStrands/Content/Materials/HairDefaultMaterial.uexp" 160
"../../../Engine/Plugins/Runtime/HairStrands/Content/Materials/HairGroupColors.uasset" 161
"../../../Engine/Plugins/Runtime/HairStrands/Content/Materials/HairGroupColors.uexp" 162
"../../../Engine/Content/Functions/Engine_MaterialFunctions02/Utility/MakeFloat2.uasset" 163
"../../../Engine/Content/Functions/Engine_MaterialFunctions02/Utility/MakeFloat2.uexp" 164
"../../../Engine/Content/Functions/Engine_MaterialFunctions02/Utility/MakeFloat3.uasset" 165
"../../../Engine/Content/Functions/Engine_MaterialFunctions02/Utility/MakeFloat3.uexp" 166
"../../../Engine/Content/EngineMaterials/HairColorMap.uasset" 167
"../../../Engine/Content/EngineMaterials/HairColorMap.uexp" 168
"../../../Engine/Content/EngineMaterials/HairDebugColor.uasset" 169
"../../../Engine/Content/EngineMaterials/HairDebugColor.uexp" 170
"../../../Engine/Plugins/Runtime/HairStrands/Content/Materials/HairDebugMaterial.uasset" 171
"../../../Engine/Plugins/Runtime/HairStrands/Content/Materials/HairDebugMaterial.uexp" 172
"../../../Engine/Plugins/Runtime/HairStrands/Content/Materials/HairCardsDefaultMaterial.uasset" 173
"../../../Engine/Plugins/Runtime/HairStrands/Content/Materials/HairCardsDefaultMaterial.uexp" 174
"../../../Engine/Plugins/Interchange/Assets/Content/Functions/MX_UsdPreviewSurface.uasset" 175
"../../../Engine/Plugins/Interchange/Assets/Content/Functions/MX_UsdPreviewSurface.uexp" 176
"../../../Engine/Plugins/Interchange/Assets/Content/Functions/MX_UniformEDF.uasset" 177
"../../../Engine/Plugins/Interchange/Assets/Content/Functions/MX_UniformEDF.uexp" 178
"../../../Engine/Plugins/Interchange/Assets/Content/Functions/MX_TranslucentBSDF.uasset" 179
"../../../Engine/Plugins/Interchange/Assets/Content/Functions/MX_TranslucentBSDF.uexp" 180
"../../../Engine/Plugins/Interchange/Assets/Content/Functions/MX_ThinFilmBSDF.uasset" 181
"../../../Engine/Plugins/Interchange/Assets/Content/Functions/MX_ThinFilmBSDF.uexp" 182
"../../../Engine/Plugins/Interchange/Assets/Content/Functions/MX_SurfaceUnlit.uasset" 183
"../../../Engine/Plugins/Interchange/Assets/Content/Functions/MX_SurfaceUnlit.uexp" 184
"../../../Engine/Plugins/Interchange/Assets/Content/Functions/MX_Surface.uasset" 185
"../../../Engine/Plugins/Interchange/Assets/Content/Functions/MX_Surface.uexp" 186
"../../../Engine/Plugins/Interchange/Assets/Content/Functions/MX_SubsurfaceBSDF.uasset" 187
"../../../Engine/Plugins/Interchange/Assets/Content/Functions/MX_SubsurfaceBSDF.uexp" 188
"../../../Engine/Plugins/Interchange/Assets/Content/Functions/MX_SheenBSDF.uasset" 189
"../../../Engine/Plugins/Interchange/Assets/Content/Functions/MX_SheenBSDF.uexp" 190
"../../../Engine/Plugins/Interchange/Assets/Content/Functions/MX_OrenNayarBSDF.uasset" 191
"../../../Engine/Plugins/Interchange/Assets/Content/Functions/MX_OrenNayarBSDF.uexp" 192
"../../../Engine/Plugins/Interchange/Assets/Content/Utilities/New_LUT.uasset" 193
"../../../Engine/Plugins/Interchange/Assets/Content/Utilities/New_LUT.uexp" 194
"../../../Engine/Content/Functions/Engine_MaterialFunctions03/Math/RemapValueRange.uasset" 195
"../../../Engine/Content/Functions/Engine_MaterialFunctions03/Math/RemapValueRange.uexp" 196
"../../../Engine/Plugins/Interchange/Assets/Content/Functions/MF_Iridescence.uasset" 197
"../../../Engine/Plugins/Interchange/Assets/Content/Functions/MF_Iridescence.uexp" 198
"../../../Engine/Plugins/Interchange/Assets/Content/Functions/MX_StandardSurface.uasset" 199
"../../../Engine/Plugins/Interchange/Assets/Content/Functions/MX_StandardSurface.uexp" 200
"../../../Engine/Plugins/Interchange/Assets/Content/Functions/MX_TransmissionSurface.uasset" 201
"../../../Engine/Plugins/Interchange/Assets/Content/Functions/MX_TransmissionSurface.uexp" 202
"../../../Engine/Plugins/Interchange/Assets/Content/Functions/MX_OpenPBR_Translucent.uasset" 203
"../../../Engine/Plugins/Interchange/Assets/Content/Functions/MX_OpenPBR_Translucent.uexp" 204
"../../../Engine/Plugins/Interchange/Assets/Content/Functions/MX_OpenPBR_Opaque.uasset" 205
"../../../Engine/Plugins/Interchange/Assets/Content/Functions/MX_OpenPBR_Opaque.uexp" 206
"../../../Engine/Plugins/Interchange/Assets/Content/Functions/MX_MeasuredEDF.uasset" 207
"../../../Engine/Plugins/Interchange/Assets/Content/Functions/MX_MeasuredEDF.uexp" 208
"../../../Engine/Plugins/Interchange/Assets/Content/Functions/MX_GeneralizedSchlickBSDF.uasset" 209
"../../../Engine/Plugins/Interchange/Assets/Content/Functions/MX_GeneralizedSchlickBSDF.uexp" 210
"../../../Engine/Plugins/Interchange/Assets/Content/Functions/MX_DielectricBSDF.uasset" 211
"../../../Engine/Plugins/Interchange/Assets/Content/Functions/MX_DielectricBSDF.uexp" 212
"../../../Engine/Plugins/Interchange/Assets/Content/Functions/MX_ConicalEDF.uasset" 213
"../../../Engine/Plugins/Interchange/Assets/Content/Functions/MX_ConicalEDF.uexp" 214
"../../../Engine/Plugins/Interchange/Assets/Content/Functions/MX_ConductorBSDF.uasset" 215
"../../../Engine/Plugins/Interchange/Assets/Content/Functions/MX_ConductorBSDF.uexp" 216
"../../../Engine/Plugins/Interchange/Assets/Content/Functions/MX_BurleyDiffuseBSDF.uasset" 217
"../../../Engine/Plugins/Interchange/Assets/Content/Functions/MX_BurleyDiffuseBSDF.uexp" 218
"../../../Engine/Plugins/Interchange/Assets/Content/Functions/MX_AnisotropicVDF.uasset" 219
"../../../Engine/Plugins/Interchange/Assets/Content/Functions/MX_AnisotropicVDF.uexp" 220
"../../../Engine/Plugins/Interchange/Assets/Content/Functions/MX_AbsorptionVDF.uasset" 221
"../../../Engine/Plugins/Interchange/Assets/Content/Functions/MX_AbsorptionVDF.uexp" 222
"../../../Engine/Plugins/Editor/SpeedTreeImporter/Content/SpeedTree9/game_wind_noise.ubulk" 223
"../../../Engine/Plugins/Editor/SpeedTreeImporter/Content/SpeedTree9/game_wind_noise.uasset" 224
"../../../Engine/Plugins/Editor/SpeedTreeImporter/Content/SpeedTree9/game_wind_noise.uexp" 225
"../../../Engine/Plugins/Editor/SpeedTreeImporter/Content/SpeedTree9/UnpackDirection.uasset" 226
"../../../Engine/Plugins/Editor/SpeedTreeImporter/Content/SpeedTree9/UnpackDirection.uexp" 227
"../../../Engine/Content/Functions/Engine_MaterialFunctions02/ObjectLocalBounds.uasset" 228
"../../../Engine/Content/Functions/Engine_MaterialFunctions02/ObjectLocalBounds.uexp" 229
"../../../Engine/Content/Functions/Engine_MaterialFunctions02/Utility/BreakOutFloat3Components.uasset" 230
"../../../Engine/Content/Functions/Engine_MaterialFunctions02/Utility/BreakOutFloat3Components.uexp" 231
"../../../Engine/Content/Functions/Engine_MaterialFunctions02/UVs/BoundingBoxBased_0-1_UVW.uasset" 232
"../../../Engine/Content/Functions/Engine_MaterialFunctions02/UVs/BoundingBoxBased_0-1_UVW.uexp" 233
"../../../Engine/Content/Functions/Engine_MaterialFunctions02/Utility/VectorLength.uasset" 234
"../../../Engine/Content/Functions/Engine_MaterialFunctions02/Utility/VectorLength.uexp" 235
"../../../Engine/Plugins/Editor/SpeedTreeImporter/Content/SpeedTree9/UnpackInteger3.uasset" 236
"../../../Engine/Plugins/Editor/SpeedTreeImporter/Content/SpeedTree9/UnpackInteger3.uexp" 237
"../../../Engine/Plugins/Editor/SpeedTreeImporter/Content/SpeedTree9/SpeedTreeCameraFacing.uasset" 238
"../../../Engine/Plugins/Editor/SpeedTreeImporter/Content/SpeedTree9/SpeedTreeCameraFacing.uexp" 239
"../../../Engine/Content/Functions/Engine_MaterialFunctions02/WorldPositionOffset/ObjectScale.uasset" 240
"../../../Engine/Content/Functions/Engine_MaterialFunctions02/WorldPositionOffset/ObjectScale.uexp" 241
"../../../Engine/Content/Functions/Engine_MaterialFunctions02/SafeNormalize.uasset" 242
"../../../Engine/Content/Functions/Engine_MaterialFunctions02/SafeNormalize.uexp" 243
"../../../Engine/Plugins/Editor/SpeedTreeImporter/Content/SpeedTree9/SpeedTreeWindMotion.uasset" 244
"../../../Engine/Plugins/Editor/SpeedTreeImporter/Content/SpeedTree9/SpeedTreeWindMotion.uexp" 245
"../../../Engine/Plugins/Editor/SpeedTreeImporter/Content/SpeedTree9/SpeedTreeBranchMotion.uasset" 246
"../../../Engine/Plugins/Editor/SpeedTreeImporter/Content/SpeedTree9/SpeedTreeBranchMotion.uexp" 247
"../../../Engine/Plugins/Editor/SpeedTreeImporter/Content/SpeedTree9/SpeedTreeWind.uasset" 248
"../../../Engine/Plugins/Editor/SpeedTreeImporter/Content/SpeedTree9/SpeedTreeWind.uexp" 249
"../../../Engine/Plugins/Editor/SpeedTreeImporter/Content/SpeedTree9/EmptyNormal.uasset" 250
"../../../Engine/Plugins/Editor/SpeedTreeImporter/Content/SpeedTree9/EmptyNormal.uexp" 251
"../../../Engine/Plugins/Editor/SpeedTreeImporter/Content/SpeedTree9/Empty.uasset" 252
"../../../Engine/Plugins/Editor/SpeedTreeImporter/Content/SpeedTree9/Empty.uexp" 253
"../../../Engine/Plugins/Editor/SpeedTreeImporter/Content/SpeedTree9/SpeedTreeMaster.uasset" 254
"../../../Engine/Plugins/Editor/SpeedTreeImporter/Content/SpeedTree9/SpeedTreeMaster.uexp" 255
"../../../Engine/Plugins/Editor/SpeedTreeImporter/Content/SpeedTree9/SpeedTreeBillboard.uasset" 256
"../../../Engine/Plugins/Editor/SpeedTreeImporter/Content/SpeedTree9/SpeedTreeBillboard.uexp" 257
"../../../Engine/Plugins/Editor/SpeedTreeImporter/Content/SpeedTree9/SpeedTreeBillboardMaster.uasset" 258
"../../../Engine/Plugins/Editor/SpeedTreeImporter/Content/SpeedTree9/SpeedTreeBillboardMaster.uexp" 259
"../../../Engine/Plugins/Animation/ControlRig/Content/Controls/ControlRigXRayMaterial.uasset" 260
"../../../Engine/Plugins/Animation/ControlRig/Content/Controls/ControlRigXRayMaterial.uexp" 261
"../../../Engine/Plugins/Animation/ControlRig/Content/Controls/ControlRigGizmoMaterial.uasset" 262
"../../../Engine/Plugins/Animation/ControlRig/Content/Controls/ControlRigGizmoMaterial.uexp" 263
"../../../Engine/Content/EngineMaterials/RemoveSurfaceMaterial.uasset" 264
"../../../Engine/Content/EngineMaterials/RemoveSurfaceMaterial.uexp" 265
"../../../Engine/Content/EngineMaterials/DefaultCalibrationGrayscale.uasset" 266
"../../../Engine/Content/EngineMaterials/DefaultCalibrationGrayscale.uexp" 267
"../../../Engine/Content/EngineMaterials/PPM_DefaultCalibrationGrayscale.uasset" 268
"../../../Engine/Content/EngineMaterials/PPM_DefaultCalibrationGrayscale.uexp" 269
"../../../Engine/Content/EngineMaterials/DefaultCalibrationColor.uasset" 270
"../../../Engine/Content/EngineMaterials/DefaultCalibrationColor.uexp" 271
"../../../Engine/Content/EngineMaterials/PPM_DefaultCalibrationColor.uasset" 272
"../../../Engine/Content/EngineMaterials/PPM_DefaultCalibrationColor.uexp" 273
"../../../Engine/Content/EngineMaterials/PhAT_JointLimitMaterial.uasset" 274
"../../../Engine/Content/EngineMaterials/PhAT_JointLimitMaterial.uexp" 275
"../../../Engine/Content/EngineMaterials/NaniteHiddenSectionMaterial.uasset" 276
"../../../Engine/Content/EngineMaterials/NaniteHiddenSectionMaterial.uexp" 277
"../../../Engine/Content/EngineMaterials/InvalidLightmapSettings.ubulk" 278
"../../../Engine/Content/EngineMaterials/InvalidLightmapSettings.uasset" 279
"../../../Engine/Content/EngineMaterials/InvalidLightmapSettings.uexp" 280
"../../../Engine/Content/EngineMaterials/M_InvalidLightmapSettings.uasset" 281
"../../../Engine/Content/EngineMaterials/M_InvalidLightmapSettings.uexp" 282
"../../../Engine/Content/EngineMaterials/GizmoMaterial.uasset" 283
"../../../Engine/Content/EngineMaterials/GizmoMaterial.uexp" 284
"../../../Engine/Content/EngineMaterials/BaseFlattenEmissiveMap_VT.uasset" 285
"../../../Engine/Content/EngineMaterials/BaseFlattenEmissiveMap_VT.uexp" 286
"../../../Engine/Content/EngineMaterials/BaseFlattenGrayscaleMap_VT.uasset" 287
"../../../Engine/Content/EngineMaterials/BaseFlattenGrayscaleMap_VT.uexp" 288
"../../../Engine/Content/EngineMaterials/BaseFlattenLinearColor_VT.uasset" 289
"../../../Engine/Content/EngineMaterials/BaseFlattenLinearColor_VT.uexp" 290
"../../../Engine/Content/EngineMaterials/Black_1x1_EXR_Texture_VT.uasset" 291
"../../../Engine/Content/EngineMaterials/Black_1x1_EXR_Texture_VT.uexp" 292
"../../../Engine/Content/EngineMaterials/BaseFlattenDiffuseMap_VT.uasset" 293
"../../../Engine/Content/EngineMaterials/BaseFlattenDiffuseMap_VT.uexp" 294
"../../../Engine/Content/EngineMaterials/BaseFlattenNormalMap_VT.uasset" 295
"../../../Engine/Content/EngineMaterials/BaseFlattenNormalMap_VT.uexp" 296
"../../../Engine/Content/EngineMaterials/FlattenMaterial_WS_Normal_VT.uasset" 297
"../../../Engine/Content/EngineMaterials/FlattenMaterial_WS_Normal_VT.uexp" 298
"../../../Engine/Content/EngineMaterials/FlattenMaterial_VT.uasset" 299
"../../../Engine/Content/EngineMaterials/FlattenMaterial_VT.uexp" 300
"../../../Engine/Content/EngineMaterials/BaseFlattenNormalMap.uasset" 301
"../../../Engine/Content/EngineMaterials/BaseFlattenNormalMap.uexp" 302
"../../../Engine/Content/EngineMaterials/BaseFlattenGrayscaleMap.uasset" 303
"../../../Engine/Content/EngineMaterials/BaseFlattenGrayscaleMap.uexp" 304
"../../../Engine/Content/EngineMaterials/BaseFlattenDiffuseMap.uasset" 305
"../../../Engine/Content/EngineMaterials/BaseFlattenDiffuseMap.uexp" 306
"../../../Engine/Content/Functions/Engine_MaterialFunctions02/PivotPainter2/Black_1x1_EXR_Texture.uasset" 307
"../../../Engine/Content/Functions/Engine_MaterialFunctions02/PivotPainter2/Black_1x1_EXR_Texture.uexp" 308
"../../../Engine/Content/EngineMaterials/BaseFlattenEmissiveMap.uasset" 309
"../../../Engine/Content/EngineMaterials/BaseFlattenEmissiveMap.uexp" 310
"../../../Engine/Content/EngineMaterials/BaseFlattenLinearColor.uasset" 311
"../../../Engine/Content/EngineMaterials/BaseFlattenLinearColor.uexp" 312
"../../../Engine/Content/EngineMaterials/FlattenMaterial.uasset" 313
"../../../Engine/Content/EngineMaterials/FlattenMaterial.uexp" 314
"../../../Engine/Content/EngineMaterials/DefaultWhiteGrid_Low.uasset" 315
"../../../Engine/Content/EngineMaterials/DefaultWhiteGrid_Low.uexp" 316
"../../../Engine/Content/EngineMaterials/EmissiveMeshMaterial.uasset" 317
"../../../Engine/Content/EngineMaterials/EmissiveMeshMaterial.uexp" 318
"../../../Engine/Content/EngineFonts/RobotoDistanceField.uasset" 319
"../../../Engine/Content/EngineFonts/RobotoDistanceField.uexp" 320
"../../../Engine/Content/EngineMaterials/DefaultTextMaterialOpaque.uasset" 321
"../../../Engine/Content/EngineMaterials/DefaultTextMaterialOpaque.uexp" 322
"../../../Engine/Content/EngineMaterials/DefaultDiffuse.ubulk" 323
"../../../Engine/Content/EngineMaterials/DefaultDiffuse.uasset" 324
"../../../Engine/Content/EngineMaterials/DefaultDiffuse.uexp" 325
"../../../Engine/Content/Functions/Engine_MaterialFunctions02/Utility/BreakOutFloat2Components.uasset" 326
"../../../Engine/Content/Functions/Engine_MaterialFunctions02/Utility/BreakOutFloat2Components.uexp" 327
"../../../Engine/Content/EngineMaterials/DefaultPostProcessMaterial.uasset" 328
"../../../Engine/Content/EngineMaterials/DefaultPostProcessMaterial.uexp" 329
"../../../Engine/Content/EngineMaterials/DefaultLightFunctionMaterial.uasset" 330
"../../../Engine/Content/EngineMaterials/DefaultLightFunctionMaterial.uexp" 331
"../../../Engine/Content/EngineMaterials/DefaultDeferredDecalMaterial.uasset" 332
"../../../Engine/Content/EngineMaterials/DefaultDeferredDecalMaterial.uexp" 333
"../../../Engine/Content/Functions/Engine_MaterialFunctions02/Utility/CameraDirectionVector.uasset" 334
"../../../Engine/Content/Functions/Engine_MaterialFunctions02/Utility/CameraDirectionVector.uexp" 335
"../../../Engine/Content/EngineDebugMaterials/VolumeToRender.uasset" 336
"../../../Engine/Content/EngineDebugMaterials/VolumeToRender.uexp" 337
"../../../Engine/Content/EngineDebugMaterials/M_VolumeRenderSphereTracePP.uasset" 338
"../../../Engine/Content/EngineDebugMaterials/M_VolumeRenderSphereTracePP.uexp" 339
"../../../Engine/Content/EngineDebugMaterials/M_SimpleUnlitTranslucent.uasset" 340
"../../../Engine/Content/EngineDebugMaterials/M_SimpleUnlitTranslucent.uexp" 341
"../../../Engine/Content/EngineDebugMaterials/DebugMeshMaterial.uasset" 342
"../../../Engine/Content/EngineDebugMaterials/DebugMeshMaterial.uexp" 343
"../../../Engine/Content/EngineDebugMaterials/DebugEditorMaterial.uasset" 344
"../../../Engine/Content/EngineDebugMaterials/DebugEditorMaterial.uexp" 345
"../../../Engine/Content/EditorMaterials/PreviewShadowIndicator.ubulk" 346
"../../../Engine/Content/EditorMaterials/PreviewShadowIndicator.uasset" 347
"../../../Engine/Content/EditorMaterials/PreviewShadowIndicator.uexp" 348
"../../../Engine/Content/EditorMaterials/PreviewShadowIndicatorMaterial.uasset" 349
"../../../Engine/Content/EditorMaterials/PreviewShadowIndicatorMaterial.uexp" 350
"../../../Engine/Content/EditorMaterials/PhAT_UnselectedMaterial.uasset" 351
"../../../Engine/Content/EditorMaterials/PhAT_UnselectedMaterial.uexp" 352
"../../../Engine/Content/EditorMaterials/PhAT_NoCollisionMaterial.uasset" 353
"../../../Engine/Content/EditorMaterials/PhAT_NoCollisionMaterial.uexp" 354
"../../../Engine/Content/BasicShapes/BasicShapeMaterial.uasset" 355
"../../../Engine/Content/BasicShapes/BasicShapeMaterial.uexp" 356
"../../../Engine/Content/EditorMaterials/Dataflow/DataflowVertexMaterial.uasset" 357
"../../../Engine/Content/EditorMaterials/Dataflow/DataflowVertexMaterial.uexp" 358
"../../../Engine/Content/EditorMaterials/Dataflow/DataflowTwoSidedVertexMaterial.uasset" 359
"../../../Engine/Content/EditorMaterials/Dataflow/DataflowTwoSidedVertexMaterial.uexp" 360
"../../../Engine/Content/Functions/Engine_MaterialFunctions01/Shading/PowerToRoughness.uasset" 361
"../../../Engine/Content/Functions/Engine_MaterialFunctions01/Shading/PowerToRoughness.uexp" 362
"../../../Engine/Content/Functions/Engine_MaterialFunctions01/Shading/ConvertFromDiffSpec.uasset" 363
"../../../Engine/Content/Functions/Engine_MaterialFunctions01/Shading/ConvertFromDiffSpec.uexp" 364
"../../../Engine/Content/EngineMaterials/Substrate/Volume/SubstrateSimpleVolumeLUT3D.uasset" 365
"../../../Engine/Content/EngineMaterials/Substrate/Volume/SubstrateSimpleVolumeLUT3D.uexp" 366
"../../../Engine/Content/EngineMaterials/Substrate/Volume/SubstrateSimpleVolumeEnvLUT3D.uasset" 367
"../../../Engine/Content/EngineMaterials/Substrate/Volume/SubstrateSimpleVolumeEnvLUT3D.uexp" 368
"../../../Engine/Content/EngineMeshes/Sphere.ubulk" 369
"../../../Engine/Content/EngineMeshes/Sphere.uasset" 370
"../../../Engine/Content/EngineMeshes/Sphere.uexp" 371
"../../../Engine/Plugins/NNE/NNEDenoiser/Content/NNEDTOM_Output_Default.uasset" 372
"../../../Engine/Plugins/NNE/NNEDenoiser/Content/NNEDTOM_Output_Default.uexp" 373
"../../../Engine/Plugins/NNE/NNEDenoiser/Content/NNEDTOM_Output_Alpha.uasset" 374
"../../../Engine/Plugins/NNE/NNEDenoiser/Content/NNEDTOM_Output_Alpha.uexp" 375
"../../../Engine/Plugins/NNE/NNEDenoiser/Content/NNEDTIM_ColorAlbedoNormal_Default.uasset" 376
"../../../Engine/Plugins/NNE/NNEDenoiser/Content/NNEDTIM_ColorAlbedoNormal_Default.uexp" 377
"../../../Engine/Plugins/NNE/NNEDenoiser/Content/NNEDTIM_ColorAlbedoNormal_Alpha.uasset" 378
"../../../Engine/Plugins/NNE/NNEDenoiser/Content/NNEDTIM_ColorAlbedoNormal_Alpha.uexp" 379
"../../../Engine/Plugins/NNE/NNEDenoiser/Content/NNEDOM_Output_Default.uasset" 380
"../../../Engine/Plugins/NNE/NNEDenoiser/Content/NNEDOM_Output_Default.uexp" 381
"../../../Engine/Plugins/NNE/NNEDenoiser/Content/NNEDOM_Output_Alpha.uasset" 382
"../../../Engine/Plugins/NNE/NNEDenoiser/Content/NNEDOM_Output_Alpha.uexp" 383
"../../../Engine/Plugins/NNE/NNEDenoiser/Content/NNEDIM_HighQuality_Default.uasset" 384
"../../../Engine/Plugins/NNE/NNEDenoiser/Content/NNEDIM_HighQuality_Default.uexp" 385
"../../../Engine/Plugins/NNE/NNEDenoiser/Content/NNEDIM_HighQuality_Alpha.uasset" 386
"../../../Engine/Plugins/NNE/NNEDenoiser/Content/NNEDIM_HighQuality_Alpha.uexp" 387
"../../../Engine/Plugins/NNE/NNEDenoiser/Content/NNEDIM_ColorAlbedoNormal_Default.uasset" 388
"../../../Engine/Plugins/NNE/NNEDenoiser/Content/NNEDIM_ColorAlbedoNormal_Default.uexp" 389
"../../../Engine/Plugins/NNE/NNEDenoiser/Content/NNEDIM_ColorAlbedoNormal_Alpha.uasset" 390
"../../../Engine/Plugins/NNE/NNEDenoiser/Content/NNEDIM_ColorAlbedoNormal_Alpha.uexp" 391
"../../../Engine/Content/EngineMaterials/T_Default_Material_Grid_M.ubulk" 392
"../../../Engine/Content/EngineMaterials/T_Default_Material_Grid_M.uasset" 393
"../../../Engine/Content/EngineMaterials/T_Default_Material_Grid_M.uexp" 394
"../../../Engine/Content/EngineMaterials/T_Default_Material_Grid_N.ubulk" 395
"../../../Engine/Content/EngineMaterials/T_Default_Material_Grid_N.uasset" 396
"../../../Engine/Content/EngineMaterials/T_Default_Material_Grid_N.uexp" 397
"../../../Engine/Content/Functions/Engine_MaterialFunctions01/Opacity/CameraDepthFade.uasset" 398
"../../../Engine/Content/Functions/Engine_MaterialFunctions01/Opacity/CameraDepthFade.uexp" 399
"../../../Engine/Content/EngineMaterials/WorldGridMaterial.uasset" 400
"../../../Engine/Content/EngineMaterials/WorldGridMaterial.uexp" 401
"../../../Engine/Plugins/Media/MediaPlate/Content/SM_MediaPlateScreen.ubulk" 402
"../../../Engine/Plugins/Media/MediaPlate/Content/SM_MediaPlateScreen.uasset" 403
"../../../Engine/Plugins/Media/MediaPlate/Content/SM_MediaPlateScreen.uexp" 404
"../../../Engine/Plugins/2D/Paper2D/Content/DefaultSpriteMaterial.uasset" 405
"../../../Engine/Plugins/2D/Paper2D/Content/DefaultSpriteMaterial.uexp" 406
"../../../Engine/Plugins/2D/Paper2D/Content/OpaqueUnlitSpriteMaterial.uasset" 407
"../../../Engine/Plugins/2D/Paper2D/Content/OpaqueUnlitSpriteMaterial.uexp" 408
"../../../Engine/Plugins/2D/Paper2D/Content/MaskedUnlitSpriteMaterial.uasset" 409
"../../../Engine/Plugins/2D/Paper2D/Content/MaskedUnlitSpriteMaterial.uexp" 410
"../../../Engine/Content/Functions/Engine_MaterialFunctions02/Texturing/CustomRotator.uasset" 411
"../../../Engine/Content/Functions/Engine_MaterialFunctions02/Texturing/CustomRotator.uexp" 412
"../../../Engine/Content/Functions/Engine_MaterialFunctions01/Texturing/ScaleUVsByCenter.uasset" 413
"../../../Engine/Content/Functions/Engine_MaterialFunctions01/Texturing/ScaleUVsByCenter.uexp" 414
"../../../Engine/Plugins/Runtime/AudioWidgets/Content/AudioMaterialSlate/Functions/MF_SingleLine_Smooth.uasset" 415
"../../../Engine/Plugins/Runtime/AudioWidgets/Content/AudioMaterialSlate/Functions/MF_SingleLine_Smooth.uexp" 416
"../../../Engine/Plugins/Runtime/AudioWidgets/Content/AudioMaterialSlate/Functions/MF_AngleGradient.uasset" 417
"../../../Engine/Plugins/Runtime/AudioWidgets/Content/AudioMaterialSlate/Functions/MF_AngleGradient.uexp" 418
"../../../Engine/Plugins/Runtime/AudioWidgets/Content/AudioMaterialSlate/Functions/MF_SingleLine.uasset" 419
"../../../Engine/Plugins/Runtime/AudioWidgets/Content/AudioMaterialSlate/Functions/MF_SingleLine.uexp" 420
"../../../Engine/Content/Functions/Engine_MaterialFunctions01/Gradient/SphereGradient-2D.uasset" 421
"../../../Engine/Content/Functions/Engine_MaterialFunctions01/Gradient/SphereGradient-2D.uexp" 422
"../../../Engine/Plugins/Runtime/AudioWidgets/Content/AudioMaterialSlate/M_AudioMaterialToggleButton.uasset" 423
"../../../Engine/Plugins/Runtime/AudioWidgets/Content/AudioMaterialSlate/M_AudioMaterialToggleButton.uexp" 424
"../../../Engine/Plugins/Runtime/AudioWidgets/Content/AudioMaterialSlate/MI_AudioMaterialToggleButton.uasset" 425
"../../../Engine/Plugins/Runtime/AudioWidgets/Content/AudioMaterialSlate/MI_AudioMaterialToggleButton.uexp" 426
"../../../Engine/Content/Functions/Engine_MaterialFunctions01/Gradient/GeneratedRoundRect.uasset" 427
"../../../Engine/Content/Functions/Engine_MaterialFunctions01/Gradient/GeneratedRoundRect.uexp" 428
"../../../Engine/Plugins/Runtime/AudioWidgets/Content/AudioMaterialSlate/M_AudioMaterialRoundedSlider.uasset" 429
"../../../Engine/Plugins/Runtime/AudioWidgets/Content/AudioMaterialSlate/M_AudioMaterialRoundedSlider.uexp" 430
"../../../Engine/Plugins/Runtime/AudioWidgets/Content/AudioMaterialSlate/MI_AudioMaterialRoundedSlider.uasset" 431
"../../../Engine/Plugins/Runtime/AudioWidgets/Content/AudioMaterialSlate/MI_AudioMaterialRoundedSlider.uexp" 432
"../../../Engine/Plugins/Runtime/AudioWidgets/Content/AudioMaterialSlate/Functions/MF_Lines.uasset" 433
"../../../Engine/Plugins/Runtime/AudioWidgets/Content/AudioMaterialSlate/Functions/MF_Lines.uexp" 434
"../../../Engine/Content/Functions/Engine_MaterialFunctions02/Lerp_3Color.uasset" 435
"../../../Engine/Content/Functions/Engine_MaterialFunctions02/Lerp_3Color.uexp" 436
"../../../Engine/Plugins/Runtime/AudioWidgets/Content/AudioMaterialSlate/M_AudioMaterialMeter.uasset" 437
"../../../Engine/Plugins/Runtime/AudioWidgets/Content/AudioMaterialSlate/M_AudioMaterialMeter.uexp" 438
"../../../Engine/Plugins/Runtime/AudioWidgets/Content/AudioMaterialSlate/MI_AudioMaterialMeter.uasset" 439
"../../../Engine/Plugins/Runtime/AudioWidgets/Content/AudioMaterialSlate/MI_AudioMaterialMeter.uexp" 440
"../../../Engine/Plugins/Runtime/AudioWidgets/Content/AudioMaterialSlate/M_AudioMaterialKnob.uasset" 441
"../../../Engine/Plugins/Runtime/AudioWidgets/Content/AudioMaterialSlate/M_AudioMaterialKnob.uexp" 442
"../../../Engine/Plugins/Runtime/AudioWidgets/Content/AudioMaterialSlate/MI_AudioMaterialKnob.uasset" 443
"../../../Engine/Plugins/Runtime/AudioWidgets/Content/AudioMaterialSlate/MI_AudioMaterialKnob.uexp" 444
"../../../Engine/Plugins/Runtime/AudioWidgets/Content/AudioMaterialSlate/Functions/MF_DotOutlined.uasset" 445
"../../../Engine/Plugins/Runtime/AudioWidgets/Content/AudioMaterialSlate/Functions/MF_DotOutlined.uexp" 446
"../../../Engine/Plugins/Runtime/AudioWidgets/Content/AudioMaterialSlate/M_AudioMaterialEnvelope_ADSR.uasset" 447
"../../../Engine/Plugins/Runtime/AudioWidgets/Content/AudioMaterialSlate/M_AudioMaterialEnvelope_ADSR.uexp" 448
"../../../Engine/Plugins/Runtime/AudioWidgets/Content/AudioMaterialSlate/MI_AudioMaterialEnvelope_ADSR.uasset" 449
"../../../Engine/Plugins/Runtime/AudioWidgets/Content/AudioMaterialSlate/MI_AudioMaterialEnvelope_ADSR.uexp" 450
"../../../Engine/Plugins/Animation/ControlRig/Content/Controls/ControlRig_Wedge_solid.ubulk" 451
"../../../Engine/Plugins/Animation/ControlRig/Content/Controls/ControlRig_Wedge_solid.uasset" 452
"../../../Engine/Plugins/Animation/ControlRig/Content/Controls/ControlRig_Wedge_solid.uexp" 453
"../../../Engine/Plugins/Animation/ControlRig/Content/Controls/ControlRig_Wedge_3mm.ubulk" 454
"../../../Engine/Plugins/Animation/ControlRig/Content/Controls/ControlRig_Wedge_3mm.uasset" 455
"../../../Engine/Plugins/Animation/ControlRig/Content/Controls/ControlRig_Wedge_3mm.uexp" 456
"../../../Engine/Plugins/Animation/ControlRig/Content/Controls/ControlRig_Wedge_1mm.ubulk" 457
"../../../Engine/Plugins/Animation/ControlRig/Content/Controls/ControlRig_Wedge_1mm.uasset" 458
"../../../Engine/Plugins/Animation/ControlRig/Content/Controls/ControlRig_Wedge_1mm.uexp" 459
"../../../Engine/Plugins/Animation/ControlRig/Content/Controls/ControlRig_Triangle_solid.ubulk" 460
"../../../Engine/Plugins/Animation/ControlRig/Content/Controls/ControlRig_Triangle_solid.uasset" 461
"../../../Engine/Plugins/Animation/ControlRig/Content/Controls/ControlRig_Triangle_solid.uexp" 462
"../../../Engine/Plugins/Animation/ControlRig/Content/Controls/ControlRig_Triangle_3mm.ubulk" 463
"../../../Engine/Plugins/Animation/ControlRig/Content/Controls/ControlRig_Triangle_3mm.uasset" 464
"../../../Engine/Plugins/Animation/ControlRig/Content/Controls/ControlRig_Triangle_3mm.uexp" 465
"../../../Engine/Plugins/Animation/ControlRig/Content/Controls/ControlRig_Triangle_1mm.ubulk" 466
"../../../Engine/Plugins/Animation/ControlRig/Content/Controls/ControlRig_Triangle_1mm.uasset" 467
"../../../Engine/Plugins/Animation/ControlRig/Content/Controls/ControlRig_Triangle_1mm.uexp" 468
"../../../Engine/Plugins/Animation/ControlRig/Content/Controls/ControlRig_Star4_solid.ubulk" 469
"../../../Engine/Plugins/Animation/ControlRig/Content/Controls/ControlRig_Star4_solid.uasset" 470
"../../../Engine/Plugins/Animation/ControlRig/Content/Controls/ControlRig_Star4_solid.uexp" 471
"../../../Engine/Plugins/Animation/ControlRig/Content/Controls/ControlRig_Star4_3mm.ubulk" 472
"../../../Engine/Plugins/Animation/ControlRig/Content/Controls/ControlRig_Star4_3mm.uasset" 473
"../../../Engine/Plugins/Animation/ControlRig/Content/Controls/ControlRig_Star4_3mm.uexp" 474
"../../../Engine/Plugins/Animation/ControlRig/Content/Controls/ControlRig_Star4_1mm.ubulk" 475
"../../../Engine/Plugins/Animation/ControlRig/Content/Controls/ControlRig_Star4_1mm.uasset" 476
"../../../Engine/Plugins/Animation/ControlRig/Content/Controls/ControlRig_Star4_1mm.uexp" 477
"../../../Engine/Plugins/Animation/ControlRig/Content/Controls/ControlRig_Square_solid.ubulk" 478
"../../../Engine/Plugins/Animation/ControlRig/Content/Controls/ControlRig_Square_solid.uasset" 479
"../../../Engine/Plugins/Animation/ControlRig/Content/Controls/ControlRig_Square_solid.uexp" 480
"../../../Engine/Plugins/Animation/ControlRig/Content/Controls/ControlRig_Square_3mm.ubulk" 481
"../../../Engine/Plugins/Animation/ControlRig/Content/Controls/ControlRig_Square_3mm.uasset" 482
"../../../Engine/Plugins/Animation/ControlRig/Content/Controls/ControlRig_Square_3mm.uexp" 483
"../../../Engine/Plugins/Animation/ControlRig/Content/Controls/ControlRig_Square_1mm.ubulk" 484
"../../../Engine/Plugins/Animation/ControlRig/Content/Controls/ControlRig_Square_1mm.uasset" 485
"../../../Engine/Plugins/Animation/ControlRig/Content/Controls/ControlRig_Square_1mm.uexp" 486
"../../../Engine/Plugins/Animation/ControlRig/Content/Controls/ControlRig_Sphere_solid.ubulk" 487
"../../../Engine/Plugins/Animation/ControlRig/Content/Controls/ControlRig_Sphere_solid.uasset" 488
"../../../Engine/Plugins/Animation/ControlRig/Content/Controls/ControlRig_Sphere_solid.uexp" 489
"../../../Engine/Plugins/Animation/ControlRig/Content/Controls/ControlRig_Sphere_3mm.ubulk" 490
"../../../Engine/Plugins/Animation/ControlRig/Content/Controls/ControlRig_Sphere_3mm.uasset" 491
"../../../Engine/Plugins/Animation/ControlRig/Content/Controls/ControlRig_Sphere_3mm.uexp" 492
"../../../Engine/Plugins/Animation/ControlRig/Content/Controls/ControlRig_Sphere_1mm.ubulk" 493
"../../../Engine/Plugins/Animation/ControlRig/Content/Controls/ControlRig_Sphere_1mm.uasset" 494
"../../../Engine/Plugins/Animation/ControlRig/Content/Controls/ControlRig_Sphere_1mm.uexp" 495
"../../../Engine/Plugins/Animation/ControlRig/Content/Controls/ControlRig_RoundedTriangle_solid.ubulk" 496
"../../../Engine/Plugins/Animation/ControlRig/Content/Controls/ControlRig_RoundedTriangle_solid.uasset" 497
"../../../Engine/Plugins/Animation/ControlRig/Content/Controls/ControlRig_RoundedTriangle_solid.uexp" 498
"../../../Engine/Plugins/Animation/ControlRig/Content/Controls/ControlRig_RoundedTriangle_3mm.ubulk" 499
"../../../Engine/Plugins/Animation/ControlRig/Content/Controls/ControlRig_RoundedTriangle_3mm.uasset" 500
"../../../Engine/Plugins/Animation/ControlRig/Content/Controls/ControlRig_RoundedTriangle_3mm.uexp" 501
"../../../Engine/Plugins/Animation/ControlRig/Content/Controls/ControlRig_RoundedTriangle_1mm.ubulk" 502
"../../../Engine/Plugins/Animation/ControlRig/Content/Controls/ControlRig_RoundedTriangle_1mm.uasset" 503
"../../../Engine/Plugins/Animation/ControlRig/Content/Controls/ControlRig_RoundedTriangle_1mm.uexp" 504
"../../../Engine/Plugins/Animation/ControlRig/Content/Controls/ControlRig_RoundedSquare_solid.ubulk" 505
"../../../Engine/Plugins/Animation/ControlRig/Content/Controls/ControlRig_RoundedSquare_solid.uasset" 506
"../../../Engine/Plugins/Animation/ControlRig/Content/Controls/ControlRig_RoundedSquare_solid.uexp" 507
"../../../Engine/Plugins/Animation/ControlRig/Content/Controls/ControlRig_RoundedSquare_3mm.ubulk" 508
"../../../Engine/Plugins/Animation/ControlRig/Content/Controls/ControlRig_RoundedSquare_3mm.uasset" 509
"../../../Engine/Plugins/Animation/ControlRig/Content/Controls/ControlRig_RoundedSquare_3mm.uexp" 510
"../../../Engine/Plugins/Animation/ControlRig/Content/Controls/ControlRig_RoundedSquare_1mm.ubulk" 511
"../../../Engine/Plugins/Animation/ControlRig/Content/Controls/ControlRig_RoundedSquare_1mm.uasset" 512
"../../../Engine/Plugins/Animation/ControlRig/Content/Controls/ControlRig_RoundedSquare_1mm.uexp" 513
"../../../Engine/Plugins/Animation/ControlRig/Content/Controls/ControlRig_QuarterCircle_solid.ubulk" 514
"../../../Engine/Plugins/Animation/ControlRig/Content/Controls/ControlRig_QuarterCircle_solid.uasset" 515
"../../../Engine/Plugins/Animation/ControlRig/Content/Controls/ControlRig_QuarterCircle_solid.uexp" 516
"../../../Engine/Plugins/Animation/ControlRig/Content/Controls/ControlRig_QuarterCircle_3mm.ubulk" 517
"../../../Engine/Plugins/Animation/ControlRig/Content/Controls/ControlRig_QuarterCircle_3mm.uasset" 518
"../../../Engine/Plugins/Animation/ControlRig/Content/Controls/ControlRig_QuarterCircle_3mm.uexp" 519
"../../../Engine/Plugins/Animation/ControlRig/Content/Controls/ControlRig_QuarterCircle_1mm.ubulk" 520
"../../../Engine/Plugins/Animation/ControlRig/Content/Controls/ControlRig_QuarterCircle_1mm.uasset" 521
"../../../Engine/Plugins/Animation/ControlRig/Content/Controls/ControlRig_QuarterCircle_1mm.uexp" 522
"../../../Engine/Plugins/Animation/ControlRig/Content/Controls/ControlRig_Pyramid_solid.ubulk" 523
"../../../Engine/Plugins/Animation/ControlRig/Content/Controls/ControlRig_Pyramid_solid.uasset" 524
"../../../Engine/Plugins/Animation/ControlRig/Content/Controls/ControlRig_Pyramid_solid.uexp" 525
"../../../Engine/Plugins/Animation/ControlRig/Content/Controls/ControlRig_Pyramid_3mm.ubulk" 526
"../../../Engine/Plugins/Animation/ControlRig/Content/Controls/ControlRig_Pyramid_3mm.uasset" 527
"../../../Engine/Plugins/Animation/ControlRig/Content/Controls/ControlRig_Pyramid_3mm.uexp" 528
"../../../Engine/Plugins/Animation/ControlRig/Content/Controls/ControlRig_Pyramid_1mm.ubulk" 529
"../../../Engine/Plugins/Animation/ControlRig/Content/Controls/ControlRig_Pyramid_1mm.uasset" 530
"../../../Engine/Plugins/Animation/ControlRig/Content/Controls/ControlRig_Pyramid_1mm.uexp" 531
"../../../Engine/Plugins/Animation/ControlRig/Content/Controls/ControlRig_Octagon_solid.ubulk" 532
"../../../Engine/Plugins/Animation/ControlRig/Content/Controls/ControlRig_Octagon_solid.uasset" 533
"../../../Engine/Plugins/Animation/ControlRig/Content/Controls/ControlRig_Octagon_solid.uexp" 534
"../../../Engine/Plugins/Animation/ControlRig/Content/Controls/ControlRig_Octagon_3mm.ubulk" 535
"../../../Engine/Plugins/Animation/ControlRig/Content/Controls/ControlRig_Octagon_3mm.uasset" 536
"../../../Engine/Plugins/Animation/ControlRig/Content/Controls/ControlRig_Octagon_3mm.uexp" 537
"../../../Engine/Plugins/Animation/ControlRig/Content/Controls/ControlRig_Octagon_1mm.ubulk" 538
"../../../Engine/Plugins/Animation/ControlRig/Content/Controls/ControlRig_Octagon_1mm.uasset" 539
"../../../Engine/Plugins/Animation/ControlRig/Content/Controls/ControlRig_Octagon_1mm.uexp" 540
"../../../Engine/Plugins/Animation/ControlRig/Content/Controls/ControlRig_Hexagon_solid.ubulk" 541
"../../../Engine/Plugins/Animation/ControlRig/Content/Controls/ControlRig_Hexagon_solid.uasset" 542
"../../../Engine/Plugins/Animation/ControlRig/Content/Controls/ControlRig_Hexagon_solid.uexp" 543
"../../../Engine/Plugins/Animation/ControlRig/Content/Controls/ControlRig_Hexagon_3mm.ubulk" 544
"../../../Engine/Plugins/Animation/ControlRig/Content/Controls/ControlRig_Hexagon_3mm.uasset" 545
"../../../Engine/Plugins/Animation/ControlRig/Content/Controls/ControlRig_Hexagon_3mm.uexp" 546
"../../../Engine/Plugins/Animation/ControlRig/Content/Controls/ControlRig_Hexagon_1mm.ubulk" 547
"../../../Engine/Plugins/Animation/ControlRig/Content/Controls/ControlRig_Hexagon_1mm.uasset" 548
"../../../Engine/Plugins/Animation/ControlRig/Content/Controls/ControlRig_Hexagon_1mm.uexp" 549
"../../../Engine/Plugins/Animation/ControlRig/Content/Controls/ControlRig_HalfCircle_solid.ubulk" 550
"../../../Engine/Plugins/Animation/ControlRig/Content/Controls/ControlRig_HalfCircle_solid.uasset" 551
"../../../Engine/Plugins/Animation/ControlRig/Content/Controls/ControlRig_HalfCircle_solid.uexp" 552
"../../../Engine/Plugins/Animation/ControlRig/Content/Controls/ControlRig_HalfCircle_3mm.ubulk" 553
"../../../Engine/Plugins/Animation/ControlRig/Content/Controls/ControlRig_HalfCircle_3mm.uasset" 554
"../../../Engine/Plugins/Animation/ControlRig/Content/Controls/ControlRig_HalfCircle_3mm.uexp" 555
"../../../Engine/Plugins/Animation/ControlRig/Content/Controls/ControlRig_HalfCircle_1mm.ubulk" 556
"../../../Engine/Plugins/Animation/ControlRig/Content/Controls/ControlRig_HalfCircle_1mm.uasset" 557
"../../../Engine/Plugins/Animation/ControlRig/Content/Controls/ControlRig_HalfCircle_1mm.uexp" 558
"../../../Engine/Plugins/Animation/ControlRig/Content/Controls/ControlRig_Diamond_solid.ubulk" 559
"../../../Engine/Plugins/Animation/ControlRig/Content/Controls/ControlRig_Diamond_solid.uasset" 560
"../../../Engine/Plugins/Animation/ControlRig/Content/Controls/ControlRig_Diamond_solid.uexp" 561
"../../../Engine/Plugins/Animation/ControlRig/Content/Controls/ControlRig_Diamond_3mm.ubulk" 562
"../../../Engine/Plugins/Animation/ControlRig/Content/Controls/ControlRig_Diamond_3mm.uasset" 563
"../../../Engine/Plugins/Animation/ControlRig/Content/Controls/ControlRig_Diamond_3mm.uexp" 564
"../../../Engine/Plugins/Animation/ControlRig/Content/Controls/ControlRig_Diamond_1mm.ubulk" 565
"../../../Engine/Plugins/Animation/ControlRig/Content/Controls/ControlRig_Diamond_1mm.uasset" 566
"../../../Engine/Plugins/Animation/ControlRig/Content/Controls/ControlRig_Diamond_1mm.uexp" 567
"../../../Engine/Plugins/Animation/ControlRig/Content/Controls/ControlRig_Circle_solid.ubulk" 568
"../../../Engine/Plugins/Animation/ControlRig/Content/Controls/ControlRig_Circle_solid.uasset" 569
"../../../Engine/Plugins/Animation/ControlRig/Content/Controls/ControlRig_Circle_solid.uexp" 570
"../../../Engine/Plugins/Animation/ControlRig/Content/Controls/ControlRig_Circle_3mm.ubulk" 571
"../../../Engine/Plugins/Animation/ControlRig/Content/Controls/ControlRig_Circle_3mm.uasset" 572
"../../../Engine/Plugins/Animation/ControlRig/Content/Controls/ControlRig_Circle_3mm.uexp" 573
"../../../Engine/Plugins/Animation/ControlRig/Content/Controls/ControlRig_Circle_1mm.ubulk" 574
"../../../Engine/Plugins/Animation/ControlRig/Content/Controls/ControlRig_Circle_1mm.uasset" 575
"../../../Engine/Plugins/Animation/ControlRig/Content/Controls/ControlRig_Circle_1mm.uexp" 576
"../../../Engine/Plugins/Animation/ControlRig/Content/Controls/ControlRig_Box_solid.ubulk" 577
"../../../Engine/Plugins/Animation/ControlRig/Content/Controls/ControlRig_Box_solid.uasset" 578
"../../../Engine/Plugins/Animation/ControlRig/Content/Controls/ControlRig_Box_solid.uexp" 579
"../../../Engine/Plugins/Animation/ControlRig/Content/Controls/ControlRig_Box_3mm.ubulk" 580
"../../../Engine/Plugins/Animation/ControlRig/Content/Controls/ControlRig_Box_3mm.uasset" 581
"../../../Engine/Plugins/Animation/ControlRig/Content/Controls/ControlRig_Box_3mm.uexp" 582
"../../../Engine/Plugins/Animation/ControlRig/Content/Controls/ControlRig_Box_1mm.ubulk" 583
"../../../Engine/Plugins/Animation/ControlRig/Content/Controls/ControlRig_Box_1mm.uasset" 584
"../../../Engine/Plugins/Animation/ControlRig/Content/Controls/ControlRig_Box_1mm.uexp" 585
"../../../Engine/Plugins/Animation/ControlRig/Content/Controls/ControlRig_Arrow_solid.ubulk" 586
"../../../Engine/Plugins/Animation/ControlRig/Content/Controls/ControlRig_Arrow_solid.uasset" 587
"../../../Engine/Plugins/Animation/ControlRig/Content/Controls/ControlRig_Arrow_solid.uexp" 588
"../../../Engine/Plugins/Animation/ControlRig/Content/Controls/ControlRig_Arrow_3mm.ubulk" 589
"../../../Engine/Plugins/Animation/ControlRig/Content/Controls/ControlRig_Arrow_3mm.uasset" 590
"../../../Engine/Plugins/Animation/ControlRig/Content/Controls/ControlRig_Arrow_3mm.uexp" 591
"../../../Engine/Plugins/Animation/ControlRig/Content/Controls/ControlRig_Arrow_1mm.ubulk" 592
"../../../Engine/Plugins/Animation/ControlRig/Content/Controls/ControlRig_Arrow_1mm.uasset" 593
"../../../Engine/Plugins/Animation/ControlRig/Content/Controls/ControlRig_Arrow_1mm.uexp" 594
"../../../Engine/Plugins/Animation/ControlRig/Content/Controls/ControlRig_Arrow4_solid.ubulk" 595
"../../../Engine/Plugins/Animation/ControlRig/Content/Controls/ControlRig_Arrow4_solid.uasset" 596
"../../../Engine/Plugins/Animation/ControlRig/Content/Controls/ControlRig_Arrow4_solid.uexp" 597
"../../../Engine/Plugins/Animation/ControlRig/Content/Controls/ControlRig_Arrow4_3mm.ubulk" 598
"../../../Engine/Plugins/Animation/ControlRig/Content/Controls/ControlRig_Arrow4_3mm.uasset" 599
"../../../Engine/Plugins/Animation/ControlRig/Content/Controls/ControlRig_Arrow4_3mm.uexp" 600
"../../../Engine/Plugins/Animation/ControlRig/Content/Controls/ControlRig_Arrow4_1mm.ubulk" 601
"../../../Engine/Plugins/Animation/ControlRig/Content/Controls/ControlRig_Arrow4_1mm.uasset" 602
"../../../Engine/Plugins/Animation/ControlRig/Content/Controls/ControlRig_Arrow4_1mm.uexp" 603
"../../../Engine/Plugins/Animation/ControlRig/Content/Controls/ControlRig_Arrow2_solid.ubulk" 604
"../../../Engine/Plugins/Animation/ControlRig/Content/Controls/ControlRig_Arrow2_solid.uasset" 605
"../../../Engine/Plugins/Animation/ControlRig/Content/Controls/ControlRig_Arrow2_solid.uexp" 606
"../../../Engine/Plugins/Animation/ControlRig/Content/Controls/ControlRig_Arrow2_3mm.ubulk" 607
"../../../Engine/Plugins/Animation/ControlRig/Content/Controls/ControlRig_Arrow2_3mm.uasset" 608
"../../../Engine/Plugins/Animation/ControlRig/Content/Controls/ControlRig_Arrow2_3mm.uexp" 609
"../../../Engine/Plugins/Animation/ControlRig/Content/Controls/ControlRig_Arrow2_1mm.ubulk" 610
"../../../Engine/Plugins/Animation/ControlRig/Content/Controls/ControlRig_Arrow2_1mm.uasset" 611
"../../../Engine/Plugins/Animation/ControlRig/Content/Controls/ControlRig_Arrow2_1mm.uexp" 612
"../../../Engine/Content/EngineResources/WhiteSquareTexture.uasset" 613
"../../../Engine/Content/EngineResources/WhiteSquareTexture.uexp" 614
"../../../Engine/Content/EngineMaterials/Widget3DPassThrough.uasset" 615
"../../../Engine/Content/EngineMaterials/Widget3DPassThrough.uexp" 616
"../../../Engine/Content/EngineMaterials/Widget3DPassThrough_Translucent.uasset" 617
"../../../Engine/Content/EngineMaterials/Widget3DPassThrough_Translucent.uexp" 618
"../../../Engine/Content/EngineMaterials/Widget3DPassThrough_Translucent_OneSided.uasset" 619
"../../../Engine/Content/EngineMaterials/Widget3DPassThrough_Translucent_OneSided.uexp" 620
"../../../Engine/Content/EngineMaterials/Widget3DPassThrough_Opaque.uasset" 621
"../../../Engine/Content/EngineMaterials/Widget3DPassThrough_Opaque.uexp" 622
"../../../Engine/Content/EngineMaterials/Widget3DPassThrough_Opaque_OneSided.uasset" 623
"../../../Engine/Content/EngineMaterials/Widget3DPassThrough_Opaque_OneSided.uexp" 624
"../../../Engine/Content/EngineMaterials/Widget3DPassThrough_Masked_OneSided.uasset" 625
"../../../Engine/Content/EngineMaterials/Widget3DPassThrough_Masked_OneSided.uexp" 626
"../../../Engine/Content/EngineMaterials/Widget3DPassThrough_Masked.uasset" 627
"../../../Engine/Content/EngineMaterials/Widget3DPassThrough_Masked.uexp" 628
"../../../Engine/Content/EngineMaterials/WeightMapPlaceholderTexture.uasset" 629
"../../../Engine/Content/EngineMaterials/WeightMapPlaceholderTexture.uexp" 630
"../../../Engine/Content/EngineMaterials/WeightMapArrayPlaceholderTexture.uasset" 631
"../../../Engine/Content/EngineMaterials/WeightMapArrayPlaceholderTexture.uexp" 632
"../../../Engine/Content/EditorLandscapeResources/SplineEditorMeshMat.uasset" 633
"../../../Engine/Content/EditorLandscapeResources/SplineEditorMeshMat.uexp" 634
"../../../Engine/Content/EditorLandscapeResources/SplineEditorMesh.ubulk" 635
"../../../Engine/Content/EditorLandscapeResources/SplineEditorMesh.uasset" 636
"../../../Engine/Content/EditorLandscapeResources/SplineEditorMesh.uexp" 637
"../../../Engine/Content/EngineMaterials/DefaultMaterial.uasset" 638
"../../../Engine/Content/EngineMaterials/DefaultMaterial.uexp" 639
"../../../Engine/Content/BasicShapes/Sphere.ubulk" 640
"../../../Engine/Content/BasicShapes/Sphere.uasset" 641
"../../../Engine/Content/BasicShapes/Sphere.uexp" 642
"../../../Engine/Content/BasicShapes/Plane.ubulk" 643
"../../../Engine/Content/BasicShapes/Plane.uasset" 644
"../../../Engine/Content/BasicShapes/Plane.uexp" 645
"../../../Engine/Content/BasicShapes/Cylinder.ubulk" 646
"../../../Engine/Content/BasicShapes/Cylinder.uasset" 647
"../../../Engine/Content/BasicShapes/Cylinder.uexp" 648
"../../../Engine/Content/BasicShapes/Cube.ubulk" 649
"../../../Engine/Content/BasicShapes/Cube.uasset" 650
"../../../Engine/Content/BasicShapes/Cube.uexp" 651
"../../../Engine/Content/BasicShapes/Cone.ubulk" 652
"../../../Engine/Content/BasicShapes/Cone.uasset" 653
"../../../Engine/Content/BasicShapes/Cone.uexp" 654
"../../../Engine/Plugins/Interchange/Assets/Content/gltf/Textures/T_White_srgb.uasset" 655
"../../../Engine/Plugins/Interchange/Assets/Content/gltf/Textures/T_White_srgb.uexp" 656
"../../../Engine/Plugins/Interchange/Assets/Content/gltf/MaterialFunctions/MF_BaseColor.uasset" 657
"../../../Engine/Plugins/Interchange/Assets/Content/gltf/MaterialFunctions/MF_BaseColor.uexp" 658
"../../../Engine/Plugins/Interchange/Assets/Content/gltf/MaterialFunctions/MF_RotateV2.uasset" 659
"../../../Engine/Plugins/Interchange/Assets/Content/gltf/MaterialFunctions/MF_RotateV2.uexp" 660
"../../../Engine/Plugins/Interchange/Assets/Content/gltf/MaterialFunctions/MF_TransformUVs.uasset" 661
"../../../Engine/Plugins/Interchange/Assets/Content/gltf/MaterialFunctions/MF_TransformUVs.uexp" 662
"../../../Engine/Plugins/Interchange/Assets/Content/gltf/MaterialBodies/MF_Unlit_Body.uasset" 663
"../../../Engine/Plugins/Interchange/Assets/Content/gltf/MaterialBodies/MF_Unlit_Body.uexp" 664
"../../../Engine/Plugins/Interchange/Assets/Content/gltf/M_Unlit.uasset" 665
"../../../Engine/Plugins/Interchange/Assets/Content/gltf/M_Unlit.uexp" 666
"../../../Engine/Plugins/Interchange/Assets/Content/gltf/MaterialInstances/MI_Unlit_Opaque_DS.uasset" 667
"../../../Engine/Plugins/Interchange/Assets/Content/gltf/MaterialInstances/MI_Unlit_Opaque_DS.uexp" 668
"../../../Engine/Plugins/Interchange/Assets/Content/gltf/MaterialInstances/MI_Unlit_Opaque.uasset" 669
"../../../Engine/Plugins/Interchange/Assets/Content/gltf/MaterialInstances/MI_Unlit_Opaque.uexp" 670
"../../../Engine/Plugins/Interchange/Assets/Content/gltf/MaterialInstances/MI_Unlit_Mask_DS.uasset" 671
"../../../Engine/Plugins/Interchange/Assets/Content/gltf/MaterialInstances/MI_Unlit_Mask_DS.uexp" 672
"../../../Engine/Plugins/Interchange/Assets/Content/gltf/MaterialInstances/MI_Unlit_Mask.uasset" 673
"../../../Engine/Plugins/Interchange/Assets/Content/gltf/MaterialInstances/MI_Unlit_Mask.uexp" 674
"../../../Engine/Plugins/Interchange/Assets/Content/gltf/MaterialInstances/MI_Unlit_Blend_DS.uasset" 675
"../../../Engine/Plugins/Interchange/Assets/Content/gltf/MaterialInstances/MI_Unlit_Blend_DS.uexp" 676
"../../../Engine/Plugins/Interchange/Assets/Content/gltf/MaterialInstances/MI_Unlit_Blend.uasset" 677
"../../../Engine/Plugins/Interchange/Assets/Content/gltf/MaterialInstances/MI_Unlit_Blend.uexp" 678
"../../../Engine/Content/Functions/Engine_MaterialFunctions02/Math/Transform3x3Matrix.uasset" 679
"../../../Engine/Content/Functions/Engine_MaterialFunctions02/Math/Transform3x3Matrix.uexp" 680
"../../../Engine/Content/EngineMaterials/Good64x64TilingNoiseHighFreq.uasset" 681
"../../../Engine/Content/EngineMaterials/Good64x64TilingNoiseHighFreq.uexp" 682
"../../../Engine/Content/Functions/Engine_MaterialFunctions02/Texturing/ScreenAlignedPixelToPixelUVs.uasset" 683
"../../../Engine/Content/Functions/Engine_MaterialFunctions02/Texturing/ScreenAlignedPixelToPixelUVs.uexp" 684
"../../../Engine/Plugins/Interchange/Assets/Content/gltf/MaterialFunctions/MF_Temporal_Blur.uasset" 685
"../../../Engine/Plugins/Interchange/Assets/Content/gltf/MaterialFunctions/MF_Temporal_Blur.uexp" 686
"../../../Engine/Plugins/Interchange/Assets/Content/gltf/MaterialFunctions/MF_Specular.uasset" 687
"../../../Engine/Plugins/Interchange/Assets/Content/gltf/MaterialFunctions/MF_Specular.uexp" 688
"../../../Engine/Plugins/Interchange/Assets/Content/gltf/Textures/T_Anisotropy_Direction_Linear.uasset" 689
"../../../Engine/Plugins/Interchange/Assets/Content/gltf/Textures/T_Anisotropy_Direction_Linear.uexp" 690
"../../../Engine/Plugins/Interchange/Assets/Content/gltf/MaterialFunctions/MF_SpecularAnisotropy.uasset" 691
"../../../Engine/Plugins/Interchange/Assets/Content/gltf/MaterialFunctions/MF_SpecularAnisotropy.uexp" 692
"../../../Engine/Plugins/Interchange/Assets/Content/gltf/Textures/T_White_Linear.uasset" 693
"../../../Engine/Plugins/Interchange/Assets/Content/gltf/Textures/T_White_Linear.uexp" 694
"../../../Engine/Plugins/Interchange/Assets/Content/gltf/MaterialFunctions/MF_MetallicRoughness.uasset" 695
"../../../Engine/Plugins/Interchange/Assets/Content/gltf/MaterialFunctions/MF_MetallicRoughness.uexp" 696
"../../../Engine/Plugins/Interchange/Assets/Content/gltf/Textures/T_Generic_N.uasset" 697
"../../../Engine/Plugins/Interchange/Assets/Content/gltf/Textures/T_Generic_N.uexp" 698
"../../../Engine/Plugins/Interchange/Assets/Content/gltf/MaterialFunctions/MF_ScaleNormal.uasset" 699
"../../../Engine/Plugins/Interchange/Assets/Content/gltf/MaterialFunctions/MF_ScaleNormal.uexp" 700
"../../../Engine/Plugins/Interchange/Assets/Content/gltf/MaterialFunctions/MF_Fresnel_DS.uasset" 701
"../../../Engine/Plugins/Interchange/Assets/Content/gltf/MaterialFunctions/MF_Fresnel_DS.uexp" 702
"../../../Engine/Plugins/Interchange/Assets/Content/gltf/MaterialFunctions/MF_Iridescence.uasset" 703
"../../../Engine/Plugins/Interchange/Assets/Content/gltf/MaterialFunctions/MF_Iridescence.uexp" 704
"../../../Engine/Plugins/Interchange/Assets/Content/gltf/MaterialFunctions/MF_Occlusion.uasset" 705
"../../../Engine/Plugins/Interchange/Assets/Content/gltf/MaterialFunctions/MF_Occlusion.uexp" 706
"../../../Engine/Plugins/Interchange/Assets/Content/gltf/MaterialFunctions/MF_IOR.uasset" 707
"../../../Engine/Plugins/Interchange/Assets/Content/gltf/MaterialFunctions/MF_IOR.uexp" 708
"../../../Engine/Plugins/Interchange/Assets/Content/gltf/MaterialFunctions/MF_Transmission.uasset" 709
"../../../Engine/Plugins/Interchange/Assets/Content/gltf/MaterialFunctions/MF_Transmission.uexp" 710
"../../../Engine/Plugins/Interchange/Assets/Content/gltf/MaterialFunctions/MF_RotateNormals_TS.uasset" 711
"../../../Engine/Plugins/Interchange/Assets/Content/gltf/MaterialFunctions/MF_RotateNormals_TS.uexp" 712
"../../../Engine/Plugins/Interchange/Assets/Content/gltf/MaterialFunctions/MF_Normals.uasset" 713
"../../../Engine/Plugins/Interchange/Assets/Content/gltf/MaterialFunctions/MF_Normals.uexp" 714
"../../../Engine/Plugins/Interchange/Assets/Content/gltf/MaterialBodies/MF_Transmission_Body.uasset" 715
"../../../Engine/Plugins/Interchange/Assets/Content/gltf/MaterialBodies/MF_Transmission_Body.uexp" 716
"../../../Engine/Plugins/Interchange/Assets/Content/gltf/M_Transmission.uasset" 717
"../../../Engine/Plugins/Interchange/Assets/Content/gltf/M_Transmission.uexp" 718
"../../../Engine/Plugins/Interchange/Assets/Content/gltf/MaterialInstances/MI_Transmission_DS.uasset" 719
"../../../Engine/Plugins/Interchange/Assets/Content/gltf/MaterialInstances/MI_Transmission_DS.uexp" 720
"../../../Engine/Plugins/Interchange/Assets/Content/gltf/MaterialInstances/MI_Transmission.uasset" 721
"../../../Engine/Plugins/Interchange/Assets/Content/gltf/MaterialInstances/MI_Transmission.uexp" 722
"../../../Engine/Content/Functions/Engine_MaterialFunctions02/Math/AddComponents.uasset" 723
"../../../Engine/Content/Functions/Engine_MaterialFunctions02/Math/AddComponents.uexp" 724
"../../../Engine/Plugins/Interchange/Assets/Content/gltf/MaterialFunctions/MF_DiffuseSpecGloss.uasset" 725
"../../../Engine/Plugins/Interchange/Assets/Content/gltf/MaterialFunctions/MF_DiffuseSpecGloss.uexp" 726
"../../../Engine/Plugins/Interchange/Assets/Content/gltf/MaterialFunctions/MF_Emissive.uasset" 727
"../../../Engine/Plugins/Interchange/Assets/Content/gltf/MaterialFunctions/MF_Emissive.uexp" 728
"../../../Engine/Plugins/Interchange/Assets/Content/gltf/MaterialFunctions/MF_PerceivedBrightness.uasset" 729
"../../../Engine/Plugins/Interchange/Assets/Content/gltf/MaterialFunctions/MF_PerceivedBrightness.uexp" 730
"../../../Engine/Plugins/Interchange/Assets/Content/gltf/MaterialFunctions/MF_SpecGlossToMetalRoughness.uasset" 731
"../../../Engine/Plugins/Interchange/Assets/Content/gltf/MaterialFunctions/MF_SpecGlossToMetalRoughness.uexp" 732
"../../../Engine/Plugins/Interchange/Assets/Content/gltf/MaterialFunctions/MF_MaxComponentValue.uasset" 733
"../../../Engine/Plugins/Interchange/Assets/Content/gltf/MaterialFunctions/MF_MaxComponentValue.uexp" 734
"../../../Engine/Plugins/Interchange/Assets/Content/gltf/MaterialBodies/MF_SpecularGlossiness_Body.uasset" 735
"../../../Engine/Plugins/Interchange/Assets/Content/gltf/MaterialBodies/MF_SpecularGlossiness_Body.uexp" 736
"../../../Engine/Plugins/Interchange/Assets/Content/gltf/M_SpecularGlossiness.uasset" 737
"../../../Engine/Plugins/Interchange/Assets/Content/gltf/M_SpecularGlossiness.uexp" 738
"../../../Engine/Plugins/Interchange/Assets/Content/gltf/MaterialInstances/MI_SpecularGlossiness_Opaque_DS.uasset" 739
"../../../Engine/Plugins/Interchange/Assets/Content/gltf/MaterialInstances/MI_SpecularGlossiness_Opaque_DS.uexp" 740
"../../../Engine/Plugins/Interchange/Assets/Content/gltf/MaterialInstances/MI_SpecularGlossiness_Opaque.uasset" 741
"../../../Engine/Plugins/Interchange/Assets/Content/gltf/MaterialInstances/MI_SpecularGlossiness_Opaque.uexp" 742
"../../../Engine/Plugins/Interchange/Assets/Content/gltf/MaterialInstances/MI_SpecularGlossiness_Mask_DS.uasset" 743
"../../../Engine/Plugins/Interchange/Assets/Content/gltf/MaterialInstances/MI_SpecularGlossiness_Mask_DS.uexp" 744
"../../../Engine/Plugins/Interchange/Assets/Content/gltf/MaterialInstances/MI_SpecularGlossiness_Mask.uasset" 745
"../../../Engine/Plugins/Interchange/Assets/Content/gltf/MaterialInstances/MI_SpecularGlossiness_Mask.uexp" 746
"../../../Engine/Plugins/Interchange/Assets/Content/gltf/MaterialInstances/MI_SpecularGlossiness_Blend_DS.uasset" 747
"../../../Engine/Plugins/Interchange/Assets/Content/gltf/MaterialInstances/MI_SpecularGlossiness_Blend_DS.uexp" 748
"../../../Engine/Plugins/Interchange/Assets/Content/gltf/MaterialInstances/MI_SpecularGlossiness_Blend.uasset" 749
"../../../Engine/Plugins/Interchange/Assets/Content/gltf/MaterialInstances/MI_SpecularGlossiness_Blend.uexp" 750
"../../../Engine/Plugins/Interchange/Assets/Content/gltf/MaterialFunctions/MF_Sheen.uasset" 751
"../../../Engine/Plugins/Interchange/Assets/Content/gltf/MaterialFunctions/MF_Sheen.uexp" 752
"../../../Engine/Plugins/Interchange/Assets/Content/gltf/MaterialBodies/MF_Sheen_Body.uasset" 753
"../../../Engine/Plugins/Interchange/Assets/Content/gltf/MaterialBodies/MF_Sheen_Body.uexp" 754
"../../../Engine/Plugins/Interchange/Assets/Content/gltf/M_Sheen.uasset" 755
"../../../Engine/Plugins/Interchange/Assets/Content/gltf/M_Sheen.uexp" 756
"../../../Engine/Plugins/Interchange/Assets/Content/gltf/MaterialInstances/MI_Sheen_Opaque_DS.uasset" 757
"../../../Engine/Plugins/Interchange/Assets/Content/gltf/MaterialInstances/MI_Sheen_Opaque_DS.uexp" 758
"../../../Engine/Plugins/Interchange/Assets/Content/gltf/MaterialInstances/MI_Sheen_Opaque.uasset" 759
"../../../Engine/Plugins/Interchange/Assets/Content/gltf/MaterialInstances/MI_Sheen_Opaque.uexp" 760
"../../../Engine/Plugins/Interchange/Assets/Content/gltf/MaterialInstances/MI_Sheen_Mask_DS.uasset" 761
"../../../Engine/Plugins/Interchange/Assets/Content/gltf/MaterialInstances/MI_Sheen_Mask_DS.uexp" 762
"../../../Engine/Plugins/Interchange/Assets/Content/gltf/MaterialInstances/MI_Sheen_Mask.uasset" 763
"../../../Engine/Plugins/Interchange/Assets/Content/gltf/MaterialInstances/MI_Sheen_Mask.uexp" 764
"../../../Engine/Plugins/Interchange/Assets/Content/gltf/MaterialInstances/MI_Sheen_Blend_DS.uasset" 765
"../../../Engine/Plugins/Interchange/Assets/Content/gltf/MaterialInstances/MI_Sheen_Blend_DS.uexp" 766
"../../../Engine/Plugins/Interchange/Assets/Content/gltf/MaterialInstances/MI_Sheen_Blend.uasset" 767
"../../../Engine/Plugins/Interchange/Assets/Content/gltf/MaterialInstances/MI_Sheen_Blend.uexp" 768
"../../../Engine/Plugins/Interchange/Assets/Content/gltf/MaterialBodies/MF_Default_Body.uasset" 769
"../../../Engine/Plugins/Interchange/Assets/Content/gltf/MaterialBodies/MF_Default_Body.uexp" 770
"../../../Engine/Plugins/Interchange/Assets/Content/gltf/M_Default.uasset" 771
"../../../Engine/Plugins/Interchange/Assets/Content/gltf/M_Default.uexp" 772
"../../../Engine/Plugins/Interchange/Assets/Content/gltf/MaterialInstances/MI_Default_Opaque_DS.uasset" 773
"../../../Engine/Plugins/Interchange/Assets/Content/gltf/MaterialInstances/MI_Default_Opaque_DS.uexp" 774
"../../../Engine/Plugins/Interchange/Assets/Content/gltf/MaterialInstances/MI_Default_Opaque.uasset" 775
"../../../Engine/Plugins/Interchange/Assets/Content/gltf/MaterialInstances/MI_Default_Opaque.uexp" 776
"../../../Engine/Plugins/Interchange/Assets/Content/gltf/MaterialInstances/MI_Default_Mask_DS.uasset" 777
"../../../Engine/Plugins/Interchange/Assets/Content/gltf/MaterialInstances/MI_Default_Mask_DS.uexp" 778
"../../../Engine/Plugins/Interchange/Assets/Content/gltf/MaterialInstances/MI_Default_Mask.uasset" 779
"../../../Engine/Plugins/Interchange/Assets/Content/gltf/MaterialInstances/MI_Default_Mask.uexp" 780
"../../../Engine/Plugins/Interchange/Assets/Content/gltf/MaterialInstances/MI_Default_Blend_DS.uasset" 781
"../../../Engine/Plugins/Interchange/Assets/Content/gltf/MaterialInstances/MI_Default_Blend_DS.uexp" 782
"../../../Engine/Plugins/Interchange/Assets/Content/gltf/MaterialInstances/MI_Default_Blend.uasset" 783
"../../../Engine/Plugins/Interchange/Assets/Content/gltf/MaterialInstances/MI_Default_Blend.uexp" 784
"../../../Engine/Content/Functions/Engine_MaterialFunctions01/Texturing/FlattenNormal.uasset" 785
"../../../Engine/Content/Functions/Engine_MaterialFunctions01/Texturing/FlattenNormal.uexp" 786
"../../../Engine/Plugins/Interchange/Assets/Content/gltf/MaterialFunctions/MF_Clearcoat.uasset" 787
"../../../Engine/Plugins/Interchange/Assets/Content/gltf/MaterialFunctions/MF_Clearcoat.uexp" 788
"../../../Engine/Plugins/Interchange/Assets/Content/gltf/MaterialBodies/MF_ClearCoat_Body.uasset" 789
"../../../Engine/Plugins/Interchange/Assets/Content/gltf/MaterialBodies/MF_ClearCoat_Body.uexp" 790
"../../../Engine/Plugins/Interchange/Assets/Content/gltf/M_ClearCoat.uasset" 791
"../../../Engine/Plugins/Interchange/Assets/Content/gltf/M_ClearCoat.uexp" 792
"../../../Engine/Plugins/Interchange/Assets/Content/gltf/MaterialInstances/MI_ClearCoat_Opaque_DS.uasset" 793
"../../../Engine/Plugins/Interchange/Assets/Content/gltf/MaterialInstances/MI_ClearCoat_Opaque_DS.uexp" 794
"../../../Engine/Plugins/Interchange/Assets/Content/gltf/MaterialInstances/MI_ClearCoat_Opaque.uasset" 795
"../../../Engine/Plugins/Interchange/Assets/Content/gltf/MaterialInstances/MI_ClearCoat_Opaque.uexp" 796
"../../../Engine/Plugins/Interchange/Assets/Content/gltf/MaterialInstances/MI_ClearCoat_Mask_DS.uasset" 797
"../../../Engine/Plugins/Interchange/Assets/Content/gltf/MaterialInstances/MI_ClearCoat_Mask_DS.uexp" 798
"../../../Engine/Plugins/Interchange/Assets/Content/gltf/MaterialInstances/MI_ClearCoat_Mask.uasset" 799
"../../../Engine/Plugins/Interchange/Assets/Content/gltf/MaterialInstances/MI_ClearCoat_Mask.uexp" 800
"../../../Engine/Plugins/Interchange/Assets/Content/gltf/MaterialInstances/MI_ClearCoat_Blend_DS.uasset" 801
"../../../Engine/Plugins/Interchange/Assets/Content/gltf/MaterialInstances/MI_ClearCoat_Blend_DS.uexp" 802
"../../../Engine/Plugins/Interchange/Assets/Content/gltf/MaterialInstances/MI_ClearCoat_Blend.uasset" 803
"../../../Engine/Plugins/Interchange/Assets/Content/gltf/MaterialInstances/MI_ClearCoat_Blend.uexp" 804
"../../../Engine/Content/VREditor/TransformGizmo/Main.uasset" 805
"../../../Engine/Content/VREditor/TransformGizmo/Main.uexp" 806
"../../../Engine/Content/VREditor/TransformGizmo/Xray.uasset" 807
"../../../Engine/Content/VREditor/TransformGizmo/Xray.uexp" 808
"../../../Engine/Content/VREditor/TransformGizmo/SM_Sequencer_Node.ubulk" 809
"../../../Engine/Content/VREditor/TransformGizmo/SM_Sequencer_Node.uasset" 810
"../../../Engine/Content/VREditor/TransformGizmo/SM_Sequencer_Node.uexp" 811
"../../../Engine/Content/VREditor/LaserPointer/VR_LaserPower_01.ubulk" 812
"../../../Engine/Content/VREditor/LaserPointer/VR_LaserPower_01.uasset" 813
"../../../Engine/Content/VREditor/LaserPointer/VR_LaserPower_01.uexp" 814
"../../../Engine/Content/VREditor/TransformGizmo/TransformGizmoMaterial.uasset" 815
"../../../Engine/Content/VREditor/TransformGizmo/TransformGizmoMaterial.uexp" 816
"../../../Engine/Content/VREditor/TransformGizmo/TranslucentTransformGizmoMaterial.uasset" 817
"../../../Engine/Content/VREditor/TransformGizmo/TranslucentTransformGizmoMaterial.uexp" 818
"../../../Engine/Content/VREditor/TransformGizmo/BoundingBoxEdge.ubulk" 819
"../../../Engine/Content/VREditor/TransformGizmo/BoundingBoxEdge.uasset" 820
"../../../Engine/Content/VREditor/TransformGizmo/BoundingBoxEdge.uexp" 821
"../../../Engine/Content/VREditor/TransformGizmo/BoundingBoxCorner.ubulk" 822
"../../../Engine/Content/VREditor/TransformGizmo/BoundingBoxCorner.uasset" 823
"../../../Engine/Content/VREditor/TransformGizmo/BoundingBoxCorner.uexp" 824
"../../../Engine/Content/EngineSky/VolumetricClouds/T_CloudMask.ubulk" 825
"../../../Engine/Content/EngineSky/VolumetricClouds/T_CloudMask.uasset" 826
"../../../Engine/Content/EngineSky/VolumetricClouds/T_CloudMask.uexp" 827
"../../../Engine/Content/EngineSky/VolumetricClouds/VT_Lightning.uasset" 828
"../../../Engine/Content/EngineSky/VolumetricClouds/VT_Lightning.uexp" 829
"../../../Engine/Content/EngineSky/VolumetricClouds/T_Profile_08.ubulk" 830
"../../../Engine/Content/EngineSky/VolumetricClouds/T_Profile_08.uasset" 831
"../../../Engine/Content/EngineSky/VolumetricClouds/T_Profile_08.uexp" 832
"../../../Engine/Content/Functions/Engine_MaterialFunctions02/Utility/MakeFloat4.uasset" 833
"../../../Engine/Content/Functions/Engine_MaterialFunctions02/Utility/MakeFloat4.uexp" 834
"../../../Engine/Content/Functions/Engine_MaterialFunctions01/Units/Km-to-Cm.uasset" 835
"../../../Engine/Content/Functions/Engine_MaterialFunctions01/Units/Km-to-Cm.uexp" 836
"../../../Engine/Content/Functions/Engine_MaterialFunctions02/Utility/BreakOutFloat4Components.uasset" 837
"../../../Engine/Content/Functions/Engine_MaterialFunctions02/Utility/BreakOutFloat4Components.uexp" 838
"../../../Engine/Content/EngineSky/VolumetricClouds/T_CloudPattern.ubulk" 839
"../../../Engine/Content/EngineSky/VolumetricClouds/T_CloudPattern.uasset" 840
"../../../Engine/Content/EngineSky/VolumetricClouds/T_CloudPattern.uexp" 841
"../../../Engine/Content/EngineSky/VolumetricClouds/VT_PerlinWorley_Balanced.uasset" 842
"../../../Engine/Content/EngineSky/VolumetricClouds/VT_PerlinWorley_Balanced.uexp" 843
"../../../Engine/Content/EngineSky/VolumetricClouds/m_SimpleVolumetricCloud.uasset" 844
"../../../Engine/Content/EngineSky/VolumetricClouds/m_SimpleVolumetricCloud.uexp" 845
"../../../Engine/Content/EngineSky/VolumetricClouds/m_SimpleVolumetricCloud_Inst.uasset" 846
"../../../Engine/Content/EngineSky/VolumetricClouds/m_SimpleVolumetricCloud_Inst.uexp" 847
"../../../Engine/Content/EditorMaterials/Camera/CineMat.uasset" 848
"../../../Engine/Content/EditorMaterials/Camera/CineMat.uexp" 849
"../../../Engine/Content/EditorMaterials/Camera/MI_CineMat_Rig.uasset" 850
"../../../Engine/Content/EditorMaterials/Camera/MI_CineMat_Rig.uexp" 851
"../../../Engine/Content/EditorMeshes/Camera/SM_RailRig_Track.ubulk" 852
"../../../Engine/Content/EditorMeshes/Camera/SM_RailRig_Track.uasset" 853
"../../../Engine/Content/EditorMeshes/Camera/SM_RailRig_Track.uexp" 854
"../../../Engine/Content/EditorMeshes/Camera/SM_RailRig_Mount.ubulk" 855
"../../../Engine/Content/EditorMeshes/Camera/SM_RailRig_Mount.uasset" 856
"../../../Engine/Content/EditorMeshes/Camera/SM_RailRig_Mount.uexp" 857
"../../../Engine/Content/EditorMeshes/Camera/SM_CraneRig_Mount.ubulk" 858
"../../../Engine/Content/EditorMeshes/Camera/SM_CraneRig_Mount.uasset" 859
"../../../Engine/Content/EditorMeshes/Camera/SM_CraneRig_Mount.uexp" 860
"../../../Engine/Content/EditorMeshes/Camera/SM_CraneRig_Body.ubulk" 861
"../../../Engine/Content/EditorMeshes/Camera/SM_CraneRig_Body.uasset" 862
"../../../Engine/Content/EditorMeshes/Camera/SM_CraneRig_Body.uexp" 863
"../../../Engine/Content/EditorMeshes/Camera/SM_CraneRig_Base.ubulk" 864
"../../../Engine/Content/EditorMeshes/Camera/SM_CraneRig_Base.uasset" 865
"../../../Engine/Content/EditorMeshes/Camera/SM_CraneRig_Base.uexp" 866
"../../../Engine/Content/EditorMeshes/Camera/SM_CraneRig_Arm.ubulk" 867
"../../../Engine/Content/EditorMeshes/Camera/SM_CraneRig_Arm.uasset" 868
"../../../Engine/Content/EditorMeshes/Camera/SM_CraneRig_Arm.uexp" 869
"../../../Engine/Content/EngineMaterials/Substrate/GLints2/AGlintTex2dArray2.uasset" 870
"../../../Engine/Content/EngineMaterials/Substrate/GLints2/AGlintTex2dArray2.uexp" 871
"../../../Engine/Content/EngineMaterials/Substrate/GLints/AGlintTex2dArray.uasset" 872
"../../../Engine/Content/EngineMaterials/Substrate/GLints/AGlintTex2dArray.uexp" 873
"../../../Engine/Content/ArtTools/RenderToTexture/Meshes/S_1_Unit_Plane.ubulk" 874
"../../../Engine/Content/ArtTools/RenderToTexture/Meshes/S_1_Unit_Plane.uasset" 875
"../../../Engine/Content/ArtTools/RenderToTexture/Meshes/S_1_Unit_Plane.uexp" 876
"../../../Engine/Content/EngineMaterials/BlendFunc_DefBlend.uasset" 877
"../../../Engine/Content/EngineMaterials/BlendFunc_DefBlend.uexp" 878
"../../../Engine/Content/OpenWorldTemplate/LandscapeMaterial/T_GridChecker_A.ubulk" 879
"../../../Engine/Content/OpenWorldTemplate/LandscapeMaterial/T_GridChecker_A.uasset" 880
"../../../Engine/Content/OpenWorldTemplate/LandscapeMaterial/T_GridChecker_A.uexp" 881
"../../../Engine/Content/EngineMaterials/BlendFunc_DefBase.uasset" 882
"../../../Engine/Content/EngineMaterials/BlendFunc_DefBase.uexp" 883
"../../../Engine/Content/Functions/Engine_MaterialFunctions03/Blends/Blend_Overlay.uasset" 884
"../../../Engine/Content/Functions/Engine_MaterialFunctions03/Blends/Blend_Overlay.uexp" 885
"../../../Engine/Content/Functions/Engine_MaterialFunctions01/Gradient/LinearGradient.uasset" 886
"../../../Engine/Content/Functions/Engine_MaterialFunctions01/Gradient/LinearGradient.uexp" 887
"../../../Engine/Content/Functions/Engine_MaterialFunctions01/ImageAdjustment/CheapContrast.uasset" 888
"../../../Engine/Content/Functions/Engine_MaterialFunctions01/ImageAdjustment/CheapContrast.uexp" 889
"../../../Engine/Content/OpenWorldTemplate/LandscapeMaterial/MF_ProcGrid.uasset" 890
"../../../Engine/Content/OpenWorldTemplate/LandscapeMaterial/MF_ProcGrid.uexp" 891
"../../../Engine/Content/OpenWorldTemplate/LandscapeMaterial/M_ProcGrid.uasset" 892
"../../../Engine/Content/OpenWorldTemplate/LandscapeMaterial/M_ProcGrid.uexp" 893
"../../../Engine/Content/EngineSky/T_Sky_Stars.ubulk" 894
"../../../Engine/Content/EngineSky/T_Sky_Stars.uasset" 895
"../../../Engine/Content/EngineSky/T_Sky_Stars.uexp" 896
"../../../Engine/Content/EngineSky/T_Sky_Clouds_M.ubulk" 897
"../../../Engine/Content/EngineSky/T_Sky_Clouds_M.uasset" 898
"../../../Engine/Content/EngineSky/T_Sky_Clouds_M.uexp" 899
"../../../Engine/Content/EngineSky/T_Sky_Blue.ubulk" 900
"../../../Engine/Content/EngineSky/T_Sky_Blue.uasset" 901
"../../../Engine/Content/EngineSky/T_Sky_Blue.uexp" 902
"../../../Engine/Content/EngineSky/M_Sky_Panning_Clouds2.uasset" 903
"../../../Engine/Content/EngineSky/M_Sky_Panning_Clouds2.uexp" 904
"../../../Engine/Content/EngineSky/SM_SkySphere.ubulk" 905
"../../../Engine/Content/EngineSky/SM_SkySphere.uasset" 906
"../../../Engine/Content/EngineSky/SM_SkySphere.uexp" 907
"../../../Engine/Content/EngineSky/M_SimpleSkyDome.uasset" 908
"../../../Engine/Content/EngineSky/M_SimpleSkyDome.uexp" 909
"../../../Engine/Plugins/NNE/NNEDenoiser/Content/NNE_oidn2-3-0_rt_hdr_calb_cnrm_large__dyn__fp16_opset11_ForwardAlpha.uasset" 910
"../../../Engine/Plugins/NNE/NNEDenoiser/Content/NNE_oidn2-3-0_rt_hdr_calb_cnrm_large__dyn__fp16_opset11_ForwardAlpha.uexp" 911
"../../../Engine/Plugins/NNE/NNEDenoiser/Content/NNE_oidn2-3-0_rt_hdr_calb_cnrm_large__dyn__fp16_opset11_DenoiseAlpha.uasset" 912
"../../../Engine/Plugins/NNE/NNEDenoiser/Content/NNE_oidn2-3-0_rt_hdr_calb_cnrm_large__dyn__fp16_opset11_DenoiseAlpha.uexp" 913
"../../../Engine/Plugins/NNE/NNEDenoiser/Content/NNE_oidn2-3-0_rt_hdr_alb_nrm__dyn__fp16_opset11_ForwardAlpha.uasset" 914
"../../../Engine/Plugins/NNE/NNEDenoiser/Content/NNE_oidn2-3-0_rt_hdr_alb_nrm__dyn__fp16_opset11_ForwardAlpha.uexp" 915
"../../../Engine/Plugins/NNE/NNEDenoiser/Content/NNE_oidn2-3-0_rt_hdr_alb_nrm__dyn__fp16_opset11_DenoiseAlpha.uasset" 916
"../../../Engine/Plugins/NNE/NNEDenoiser/Content/NNE_oidn2-3-0_rt_hdr_alb_nrm__dyn__fp16_opset11_DenoiseAlpha.uexp" 917
"../../../Engine/Plugins/NNE/NNEDenoiser/Content/NNE_oidn2-3-0_rt_hdr_alb_nrm_small__dyn__fp16_opset11_ForwardAlpha.uasset" 918
"../../../Engine/Plugins/NNE/NNEDenoiser/Content/NNE_oidn2-3-0_rt_hdr_alb_nrm_small__dyn__fp16_opset11_ForwardAlpha.uexp" 919
"../../../Engine/Plugins/NNE/NNEDenoiser/Content/NNE_oidn2-3-0_rt_hdr_alb_nrm_small__dyn__fp16_opset11_DenoiseAlpha.uasset" 920
"../../../Engine/Plugins/NNE/NNEDenoiser/Content/NNE_oidn2-3-0_rt_hdr_alb_nrm_small__dyn__fp16_opset11_DenoiseAlpha.uexp" 921
"../../../Engine/Plugins/NNE/NNEDenoiser/Content/NNED_Oidn2-3_HighQuality_Alpha.uasset" 922
"../../../Engine/Plugins/NNE/NNEDenoiser/Content/NNED_Oidn2-3_HighQuality_Alpha.uexp" 923
"../../../Engine/Plugins/NNE/NNEDenoiser/Content/NNED_Oidn2-3_HighQuality.uasset" 924
"../../../Engine/Plugins/NNE/NNEDenoiser/Content/NNED_Oidn2-3_HighQuality.uexp" 925
"../../../Engine/Plugins/NNE/NNEDenoiser/Content/NNED_Oidn2-3_Fast_Alpha.uasset" 926
"../../../Engine/Plugins/NNE/NNEDenoiser/Content/NNED_Oidn2-3_Fast_Alpha.uexp" 927
"../../../Engine/Plugins/NNE/NNEDenoiser/Content/NNED_Oidn2-3_Fast.uasset" 928
"../../../Engine/Plugins/NNE/NNEDenoiser/Content/NNED_Oidn2-3_Fast.uexp" 929
"../../../Engine/Plugins/NNE/NNEDenoiser/Content/NNED_Oidn2-3_Balanced_Alpha.uasset" 930
"../../../Engine/Plugins/NNE/NNEDenoiser/Content/NNED_Oidn2-3_Balanced_Alpha.uexp" 931
"../../../Engine/Plugins/NNE/NNEDenoiser/Content/NNED_Oidn2-3_Balanced.uasset" 932
"../../../Engine/Plugins/NNE/NNEDenoiser/Content/NNED_Oidn2-3_Balanced.uexp" 933
"../../../Engine/Plugins/NNE/NNEDenoiser/Content/NNEDT_Oidn2-3_Balanced_Alpha.uasset" 934
"../../../Engine/Plugins/NNE/NNEDenoiser/Content/NNEDT_Oidn2-3_Balanced_Alpha.uexp" 935
"../../../Engine/Plugins/NNE/NNEDenoiser/Content/NNEDT_Oidn2-3_Balanced.uasset" 936
"../../../Engine/Plugins/NNE/NNEDenoiser/Content/NNEDT_Oidn2-3_Balanced.uexp" 937
"../../../Engine/Plugins/Animation/DeformerGraph/Content/Deformers/DG_LinearBlendSkin_Morph_Cloth_RecomputeNormals.uasset" 938
"../../../Engine/Plugins/Animation/DeformerGraph/Content/Deformers/DG_LinearBlendSkin_Morph_Cloth_RecomputeNormals.uexp" 939
"../../../Engine/Plugins/Animation/DeformerGraph/Content/Deformers/DG_LinearBlendSkin_Morph_Cloth.uasset" 940
"../../../Engine/Plugins/Animation/DeformerGraph/Content/Deformers/DG_LinearBlendSkin_Morph_Cloth.uexp" 941
"../../../Engine/Plugins/Animation/DeformerGraph/Content/DeformerFunctions/DG_Function_LinearBlendSkin_Morph_Cloth_PositionOnly.uasset" 942
"../../../Engine/Plugins/Animation/DeformerGraph/Content/DeformerFunctions/DG_Function_LinearBlendSkin_Morph_Cloth_PositionOnly.uexp" 943
"../../../Engine/Plugins/Animation/DeformerGraph/Content/DeformerFunctions/DG_Function_LinearBlendSkin_Morph_Cloth.uasset" 944
"../../../Engine/Plugins/Animation/DeformerGraph/Content/DeformerFunctions/DG_Function_LinearBlendSkin_Morph_Cloth.uexp" 945
"../../../Engine/Plugins/Animation/DeformerGraph/Content/DeformerFunctions/DG_Function_ComputeNormalsTangents.uasset" 946
"../../../Engine/Plugins/Animation/DeformerGraph/Content/DeformerFunctions/DG_Function_ComputeNormalsTangents.uexp" 947
"../../../Engine/Content/VREditor/TransformGizmo/StartRotationHandleIndicator.ubulk" 948
"../../../Engine/Content/VREditor/TransformGizmo/StartRotationHandleIndicator.uasset" 949
"../../../Engine/Content/VREditor/TransformGizmo/StartRotationHandleIndicator.uexp" 950
"../../../Engine/Content/VREditor/Sounds/UI/Drop_Item_From_ContentBrowser.ubulk" 951
"../../../Engine/Content/VREditor/Sounds/UI/Drop_Item_From_ContentBrowser.uasset" 952
"../../../Engine/Content/VREditor/Sounds/UI/Drop_Item_From_ContentBrowser.uexp" 953
"../../../Engine/Content/VREditor/TransformGizmo/PlaneTranslationHandle.ubulk" 954
"../../../Engine/Content/VREditor/TransformGizmo/PlaneTranslationHandle.uasset" 955
"../../../Engine/Content/VREditor/TransformGizmo/PlaneTranslationHandle.uexp" 956
"../../../Engine/Content/VREditor/Sounds/UI/Object_Snaps_To_Grid.ubulk" 957
"../../../Engine/Content/VREditor/Sounds/UI/Object_Snaps_To_Grid.uasset" 958
"../../../Engine/Content/VREditor/Sounds/UI/Object_Snaps_To_Grid.uexp" 959
"../../../Engine/Content/VREditor/Sounds/UI/Selection_Changes.ubulk" 960
"../../../Engine/Content/VREditor/Sounds/UI/Selection_Changes.uasset" 961
"../../../Engine/Content/VREditor/Sounds/UI/Selection_Changes.uexp" 962
"../../../Engine/Content/VREditor/Sounds/UI/Object_Snaps_To_Another_Actor.ubulk" 963
"../../../Engine/Content/VREditor/Sounds/UI/Object_Snaps_To_Another_Actor.uasset" 964
"../../../Engine/Content/VREditor/Sounds/UI/Object_Snaps_To_Another_Actor.uexp" 965
"../../../Engine/Content/VREditor/TransformGizmo/TranslucentTransformGizmoMaterial_Inst.uasset" 966
"../../../Engine/Content/VREditor/TransformGizmo/TranslucentTransformGizmoMaterial_Inst.uexp" 967
"../../../Engine/Content/VREditor/TransformGizmo/TransformGizmoFreeRotation.ubulk" 968
"../../../Engine/Content/VREditor/TransformGizmo/TransformGizmoFreeRotation.uasset" 969
"../../../Engine/Content/VREditor/TransformGizmo/TransformGizmoFreeRotation.uexp" 970
"../../../Engine/Content/VREditor/Sounds/UI/Scaling_Down.ubulk" 971
"../../../Engine/Content/VREditor/Sounds/UI/Scaling_Down.uasset" 972
"../../../Engine/Content/VREditor/Sounds/UI/Scaling_Down.uexp" 973
"../../../Engine/Content/Functions/Engine_MaterialFunctions02/SplitComponents.uasset" 974
"../../../Engine/Content/Functions/Engine_MaterialFunctions02/SplitComponents.uexp" 975
"../../../Engine/Content/VREditor/SnapGrid/SnapGridMaterial.uasset" 976
"../../../Engine/Content/VREditor/SnapGrid/SnapGridMaterial.uexp" 977
"../../../Engine/Content/VREditor/SnapGrid/SnapGridPlaneMesh.ubulk" 978
"../../../Engine/Content/VREditor/SnapGrid/SnapGridPlaneMesh.uasset" 979
"../../../Engine/Content/VREditor/SnapGrid/SnapGridPlaneMesh.uexp" 980
"../../../Engine/Content/VREditor/Sounds/UI/Scaling_Up.ubulk" 981
"../../../Engine/Content/VREditor/Sounds/UI/Scaling_Up.uasset" 982
"../../../Engine/Content/VREditor/Sounds/UI/Scaling_Up.uexp" 983
"../../../Engine/Content/VREditor/TransformGizmo/TransformGizmoMaterial_Inst.uasset" 984
"../../../Engine/Content/VREditor/TransformGizmo/TransformGizmoMaterial_Inst.uexp" 985
"../../../Engine/Content/VREditor/Sounds/UI/Gizmo_Handle_Clicked.ubulk" 986
"../../../Engine/Content/VREditor/Sounds/UI/Gizmo_Handle_Clicked.uasset" 987
"../../../Engine/Content/VREditor/Sounds/UI/Gizmo_Handle_Clicked.uexp" 988
"../../../Engine/Content/VREditor/TransformGizmo/RotationHandleQuarter.ubulk" 989
"../../../Engine/Content/VREditor/TransformGizmo/RotationHandleQuarter.uasset" 990
"../../../Engine/Content/VREditor/TransformGizmo/RotationHandleQuarter.uexp" 991
"../../../Engine/Content/VREditor/TransformGizmo/TranslateArrowHandle.ubulk" 992
"../../../Engine/Content/VREditor/TransformGizmo/TranslateArrowHandle.uasset" 993
"../../../Engine/Content/VREditor/TransformGizmo/TranslateArrowHandle.uexp" 994
"../../../Engine/Content/VREditor/TransformGizmo/RotationHandleIndicator.ubulk" 995
"../../../Engine/Content/VREditor/TransformGizmo/RotationHandleIndicator.uasset" 996
"../../../Engine/Content/VREditor/TransformGizmo/RotationHandleIndicator.uexp" 997
"../../../Engine/Content/VREditor/TransformGizmo/UniformScaleHandle.ubulk" 998
"../../../Engine/Content/VREditor/TransformGizmo/UniformScaleHandle.uasset" 999
"../../../Engine/Content/VREditor/TransformGizmo/UniformScaleHandle.uexp" 1000
"../../../Engine/Content/VREditor/TransformGizmo/RotationHandleFull.ubulk" 1001
"../../../Engine/Content/VREditor/TransformGizmo/RotationHandleFull.uasset" 1002
"../../../Engine/Content/VREditor/TransformGizmo/RotationHandleFull.uexp" 1003
"../../../Engine/Content/VREditor/Sounds/UI/Object_PickUp.ubulk" 1004
"../../../Engine/Content/VREditor/Sounds/UI/Object_PickUp.uasset" 1005
"../../../Engine/Content/VREditor/Sounds/UI/Object_PickUp.uexp" 1006
"../../../Engine/Content/EngineResources/LandscapeVisibilityLayerInfo.uasset" 1007
"../../../Engine/Content/EngineResources/LandscapeVisibilityLayerInfo.uexp" 1008
"../../../Engine/Content/EngineMaterials/DefaultPhysicalMaterial.uasset" 1009
"../../../Engine/Content/EngineMaterials/DefaultPhysicalMaterial.uexp" 1010
"../../../Engine/Content/Maps/Entry_BuiltData.uasset" 1011
"../../../Engine/Content/Maps/Entry_BuiltData.uexp" 1012
"../../../Engine/Content/Maps/Entry.uexp" 1013
"../../../Engine/Content/Maps/Entry.umap" 1014
"../../../Engine/Content/Maps/Templates/OpenWorld.uexp" 1015
"../../../Engine/Content/Maps/Templates/OpenWorld.ubulk" 1016
"../../../Engine/Content/Maps/Templates/OpenWorld.umap" 1017
"C:/Users/lordo/Documents/Unreal Projects/ProjectEclipse/Content/Textures/envrioment/T_TilesMainPadded.ubulk" 1018
"C:/Users/lordo/Documents/Unreal Projects/ProjectEclipse/Content/Textures/envrioment/T_TilesMainPadded.uasset" 1019
"C:/Users/lordo/Documents/Unreal Projects/ProjectEclipse/Content/Textures/envrioment/T_TilesMainPadded.uexp" 1020
"C:/Users/lordo/Documents/Unreal Projects/ProjectEclipse/Content/Textures/envrioment/T_TilesMain_TileSet.uasset" 1021
"C:/Users/lordo/Documents/Unreal Projects/ProjectEclipse/Content/Textures/envrioment/T_TilesMain_TileSet.uexp" 1022
"C:/Users/lordo/Documents/Unreal Projects/ProjectEclipse/Content/Textures/envrioment/T_SkyPadded.ubulk" 1023
"C:/Users/lordo/Documents/Unreal Projects/ProjectEclipse/Content/Textures/envrioment/T_SkyPadded.uasset" 1024
"C:/Users/lordo/Documents/Unreal Projects/ProjectEclipse/Content/Textures/envrioment/T_SkyPadded.uexp" 1025
"C:/Users/lordo/Documents/Unreal Projects/ProjectEclipse/Content/Textures/envrioment/T_Sky_TileSet.uasset" 1026
"C:/Users/lordo/Documents/Unreal Projects/ProjectEclipse/Content/Textures/envrioment/T_Sky_TileSet.uexp" 1027
"C:/Users/lordo/Documents/Unreal Projects/ProjectEclipse/Content/Maps/tilemaps/TM_stage.uasset" 1028
"C:/Users/lordo/Documents/Unreal Projects/ProjectEclipse/Content/Maps/tilemaps/TM_stage.uexp" 1029
"C:/Users/lordo/Documents/Unreal Projects/ProjectEclipse/Content/Input/IA_Move.uasset" 1030
"C:/Users/lordo/Documents/Unreal Projects/ProjectEclipse/Content/Input/IA_Move.uexp" 1031
"C:/Users/lordo/Documents/Unreal Projects/ProjectEclipse/Content/Input/IA_Jump.uasset" 1032
"C:/Users/lordo/Documents/Unreal Projects/ProjectEclipse/Content/Input/IA_Jump.uexp" 1033
"C:/Users/lordo/Documents/Unreal Projects/ProjectEclipse/Content/Input/IMC_Player.uasset" 1034
"C:/Users/lordo/Documents/Unreal Projects/ProjectEclipse/Content/Input/IMC_Player.uexp" 1035
"../../../Engine/Plugins/2D/Paper2D/Content/TranslucentUnlitSpriteMaterial.uasset" 1036
"../../../Engine/Plugins/2D/Paper2D/Content/TranslucentUnlitSpriteMaterial.uexp" 1037
"C:/Users/lordo/Documents/Unreal Projects/ProjectEclipse/Content/Textures/player/player_walk2.uasset" 1038
"C:/Users/lordo/Documents/Unreal Projects/ProjectEclipse/Content/Textures/player/player_walk2.uexp" 1039
"C:/Users/lordo/Documents/Unreal Projects/ProjectEclipse/Content/Art/Characters/sprite/player_walk2_Sprite.uasset" 1040
"C:/Users/lordo/Documents/Unreal Projects/ProjectEclipse/Content/Art/Characters/sprite/player_walk2_Sprite.uexp" 1041
"C:/Users/lordo/Documents/Unreal Projects/ProjectEclipse/Content/Textures/player/player_walk1.uasset" 1042
"C:/Users/lordo/Documents/Unreal Projects/ProjectEclipse/Content/Textures/player/player_walk1.uexp" 1043
"C:/Users/lordo/Documents/Unreal Projects/ProjectEclipse/Content/Art/Characters/sprite/player_walk1_Sprite.uasset" 1044
"C:/Users/lordo/Documents/Unreal Projects/ProjectEclipse/Content/Art/Characters/sprite/player_walk1_Sprite.uexp" 1045
"C:/Users/lordo/Documents/Unreal Projects/ProjectEclipse/Content/Art/Characters/flipbook/player_walk.uasset" 1046
"C:/Users/lordo/Documents/Unreal Projects/ProjectEclipse/Content/Art/Characters/flipbook/player_walk.uexp" 1047
"C:/Users/lordo/Documents/Unreal Projects/ProjectEclipse/Content/Textures/player/player_jump.uasset" 1048
"C:/Users/lordo/Documents/Unreal Projects/ProjectEclipse/Content/Textures/player/player_jump.uexp" 1049
"C:/Users/lordo/Documents/Unreal Projects/ProjectEclipse/Content/Art/Characters/sprite/player_jump_Sprite1.uasset" 1050
"C:/Users/lordo/Documents/Unreal Projects/ProjectEclipse/Content/Art/Characters/sprite/player_jump_Sprite1.uexp" 1051
"C:/Users/lordo/Documents/Unreal Projects/ProjectEclipse/Content/Art/Characters/flipbook/player_jump.uasset" 1052
"C:/Users/lordo/Documents/Unreal Projects/ProjectEclipse/Content/Art/Characters/flipbook/player_jump.uexp" 1053
"C:/Users/lordo/Documents/Unreal Projects/ProjectEclipse/Content/Textures/player/player_idle.uasset" 1054
"C:/Users/lordo/Documents/Unreal Projects/ProjectEclipse/Content/Textures/player/player_idle.uexp" 1055
"C:/Users/lordo/Documents/Unreal Projects/ProjectEclipse/Content/Art/Characters/sprite/player_idle_Sprite1.uasset" 1056
"C:/Users/lordo/Documents/Unreal Projects/ProjectEclipse/Content/Art/Characters/sprite/player_idle_Sprite1.uexp" 1057
"C:/Users/lordo/Documents/Unreal Projects/ProjectEclipse/Content/Art/Characters/flipbook/player_idle.uasset" 1058
"C:/Users/lordo/Documents/Unreal Projects/ProjectEclipse/Content/Art/Characters/flipbook/player_idle.uexp" 1059
"C:/Users/lordo/Documents/Unreal Projects/ProjectEclipse/Content/Textures/player/player_fall.uasset" 1060
"C:/Users/lordo/Documents/Unreal Projects/ProjectEclipse/Content/Textures/player/player_fall.uexp" 1061
"C:/Users/lordo/Documents/Unreal Projects/ProjectEclipse/Content/Art/Characters/sprite/player_fall_Sprite1.uasset" 1062
"C:/Users/lordo/Documents/Unreal Projects/ProjectEclipse/Content/Art/Characters/sprite/player_fall_Sprite1.uexp" 1063
"C:/Users/lordo/Documents/Unreal Projects/ProjectEclipse/Content/Art/Characters/flipbook/player_fall.uasset" 1064
"C:/Users/lordo/Documents/Unreal Projects/ProjectEclipse/Content/Art/Characters/flipbook/player_fall.uexp" 1065
"C:/Users/lordo/Documents/Unreal Projects/ProjectEclipse/Content/Blueprints/Characters/BP_PlayerCharacter.uasset" 1066
"C:/Users/lordo/Documents/Unreal Projects/ProjectEclipse/Content/Blueprints/Characters/BP_PlayerCharacter.uexp" 1067
"C:/Users/lordo/Documents/Unreal Projects/ProjectEclipse/Content/Blueprints/Core/BP_GameMode.uasset" 1068
"C:/Users/lordo/Documents/Unreal Projects/ProjectEclipse/Content/Blueprints/Core/BP_GameMode.uexp" 1069
"C:/Users/lordo/Documents/Unreal Projects/ProjectEclipse/Content/Maps/TestMap.uexp" 1070
"C:/Users/lordo/Documents/Unreal Projects/ProjectEclipse/Content/Maps/TestMap.umap" 1071
"../../../Engine/Content/Maps/Templates/OpenWorld/_Generated_/5JAFRUW7M8C40BCVQK2GXFJNJ.uexp" 1072
"../../../Engine/Content/Maps/Templates/OpenWorld/_Generated_/5JAFRUW7M8C40BCVQK2GXFJNJ.ubulk" 1073
"../../../Engine/Content/Maps/Templates/OpenWorld/_Generated_/5JAFRUW7M8C40BCVQK2GXFJNJ.umap" 1074
"../../../Engine/Content/Maps/Templates/OpenWorld/_Generated_/CI21SMK3TPP9F7V768J0FQPFN.uexp" 1075
"../../../Engine/Content/Maps/Templates/OpenWorld/_Generated_/CI21SMK3TPP9F7V768J0FQPFN.ubulk" 1076
"../../../Engine/Content/Maps/Templates/OpenWorld/_Generated_/CI21SMK3TPP9F7V768J0FQPFN.umap" 1077
"../../../Engine/Content/Maps/Templates/OpenWorld/_Generated_/BT99C0BD1H8P4P6YI5OOM83O3.uexp" 1078
"../../../Engine/Content/Maps/Templates/OpenWorld/_Generated_/BT99C0BD1H8P4P6YI5OOM83O3.ubulk" 1079
"../../../Engine/Content/Maps/Templates/OpenWorld/_Generated_/BT99C0BD1H8P4P6YI5OOM83O3.umap" 1080
"../../../Engine/Content/Maps/Templates/OpenWorld/_Generated_/CTLYDDTL70JB2XY8IR8UZ41PX.uexp" 1081
"../../../Engine/Content/Maps/Templates/OpenWorld/_Generated_/CTLYDDTL70JB2XY8IR8UZ41PX.ubulk" 1082
"../../../Engine/Content/Maps/Templates/OpenWorld/_Generated_/CTLYDDTL70JB2XY8IR8UZ41PX.umap" 1083
"../../../Engine/Content/Maps/Templates/OpenWorld/_Generated_/2NGRSF81RI2C7PGU0F4UWZ4QP.uexp" 1084
"../../../Engine/Content/Maps/Templates/OpenWorld/_Generated_/2NGRSF81RI2C7PGU0F4UWZ4QP.ubulk" 1085
"../../../Engine/Content/Maps/Templates/OpenWorld/_Generated_/2NGRSF81RI2C7PGU0F4UWZ4QP.umap" 1086
"../../../Engine/Content/Maps/Templates/OpenWorld/_Generated_/18QM8YK0GSQ018IPR6OT7RJC5.uexp" 1087
"../../../Engine/Content/Maps/Templates/OpenWorld/_Generated_/18QM8YK0GSQ018IPR6OT7RJC5.ubulk" 1088
"../../../Engine/Content/Maps/Templates/OpenWorld/_Generated_/18QM8YK0GSQ018IPR6OT7RJC5.umap" 1089
"../../../Engine/Content/Maps/Templates/OpenWorld/_Generated_/1BX0BGYZ17G0U09675N1KG9F8.uexp" 1090
"../../../Engine/Content/Maps/Templates/OpenWorld/_Generated_/1BX0BGYZ17G0U09675N1KG9F8.ubulk" 1091
"../../../Engine/Content/Maps/Templates/OpenWorld/_Generated_/1BX0BGYZ17G0U09675N1KG9F8.umap" 1092
"../../../Engine/Content/Maps/Templates/OpenWorld/_Generated_/EDEENOWTZDO3K761WYC6F62MH.uexp" 1093
"../../../Engine/Content/Maps/Templates/OpenWorld/_Generated_/EDEENOWTZDO3K761WYC6F62MH.ubulk" 1094
"../../../Engine/Content/Maps/Templates/OpenWorld/_Generated_/EDEENOWTZDO3K761WYC6F62MH.umap" 1095
"../../../Engine/Content/Maps/Templates/OpenWorld/_Generated_/0YRZP86H9BCB7FYAVAQIEYRCY.uexp" 1096
"../../../Engine/Content/Maps/Templates/OpenWorld/_Generated_/0YRZP86H9BCB7FYAVAQIEYRCY.ubulk" 1097
"../../../Engine/Content/Maps/Templates/OpenWorld/_Generated_/0YRZP86H9BCB7FYAVAQIEYRCY.umap" 1098
"../../../Engine/Content/Maps/Templates/OpenWorld/_Generated_/11FM09D4X0P92LN4J15MPZWTO.uexp" 1099
"../../../Engine/Content/Maps/Templates/OpenWorld/_Generated_/11FM09D4X0P92LN4J15MPZWTO.ubulk" 1100
"../../../Engine/Content/Maps/Templates/OpenWorld/_Generated_/11FM09D4X0P92LN4J15MPZWTO.umap" 1101
"../../../Engine/Content/Maps/Templates/OpenWorld/_Generated_/D1DN3JVAKT1IU41G7WQCLQRAM.uexp" 1102
"../../../Engine/Content/Maps/Templates/OpenWorld/_Generated_/D1DN3JVAKT1IU41G7WQCLQRAM.ubulk" 1103
"../../../Engine/Content/Maps/Templates/OpenWorld/_Generated_/D1DN3JVAKT1IU41G7WQCLQRAM.umap" 1104
"../../../Engine/Content/Maps/Templates/OpenWorld/_Generated_/EYFK9JZPSX06MOH3LNAI7SW92.uexp" 1105
"../../../Engine/Content/Maps/Templates/OpenWorld/_Generated_/EYFK9JZPSX06MOH3LNAI7SW92.ubulk" 1106
"../../../Engine/Content/Maps/Templates/OpenWorld/_Generated_/EYFK9JZPSX06MOH3LNAI7SW92.umap" 1107
"../../../Engine/Content/Maps/Templates/OpenWorld/_Generated_/0FBSY5KVOXKO2F95PG60Y9LQ1.uexp" 1108
"../../../Engine/Content/Maps/Templates/OpenWorld/_Generated_/0FBSY5KVOXKO2F95PG60Y9LQ1.ubulk" 1109
"../../../Engine/Content/Maps/Templates/OpenWorld/_Generated_/0FBSY5KVOXKO2F95PG60Y9LQ1.umap" 1110
"../../../Engine/Content/Maps/Templates/OpenWorld/_Generated_/9DWYO4CR8ZRKRYVNPHDVJTYH4.uexp" 1111
"../../../Engine/Content/Maps/Templates/OpenWorld/_Generated_/9DWYO4CR8ZRKRYVNPHDVJTYH4.ubulk" 1112
"../../../Engine/Content/Maps/Templates/OpenWorld/_Generated_/9DWYO4CR8ZRKRYVNPHDVJTYH4.umap" 1113
"../../../Engine/Content/Maps/Templates/OpenWorld/_Generated_/560Q2YQDUSHN6VRUZ0LHOWU97.uexp" 1114
"../../../Engine/Content/Maps/Templates/OpenWorld/_Generated_/560Q2YQDUSHN6VRUZ0LHOWU97.ubulk" 1115
"../../../Engine/Content/Maps/Templates/OpenWorld/_Generated_/560Q2YQDUSHN6VRUZ0LHOWU97.umap" 1116
"../../../Engine/Content/Maps/Templates/OpenWorld/_Generated_/90YKWZXGBC5Q8M7RFK49P371F.uexp" 1117
"../../../Engine/Content/Maps/Templates/OpenWorld/_Generated_/90YKWZXGBC5Q8M7RFK49P371F.ubulk" 1118
"../../../Engine/Content/Maps/Templates/OpenWorld/_Generated_/90YKWZXGBC5Q8M7RFK49P371F.umap" 1119
"../../../Engine/Content/Maps/Templates/OpenWorld/_Generated_/D528WYH177JBF1MVERKEF59XI.uexp" 1120
"../../../Engine/Content/Maps/Templates/OpenWorld/_Generated_/D528WYH177JBF1MVERKEF59XI.ubulk" 1121
"../../../Engine/Content/Maps/Templates/OpenWorld/_Generated_/D528WYH177JBF1MVERKEF59XI.umap" 1122
"../../../Engine/Content/Maps/Templates/OpenWorld/_Generated_/91C65FSOVE5PX3RH3ZE5R7AWP.uexp" 1123
"../../../Engine/Content/Maps/Templates/OpenWorld/_Generated_/91C65FSOVE5PX3RH3ZE5R7AWP.ubulk" 1124
"../../../Engine/Content/Maps/Templates/OpenWorld/_Generated_/91C65FSOVE5PX3RH3ZE5R7AWP.umap" 1125
"../../../Engine/Content/Maps/Templates/OpenWorld/_Generated_/CGX8O6ITCT8PB63Y6Q4CTFLKF.uexp" 1126
"../../../Engine/Content/Maps/Templates/OpenWorld/_Generated_/CGX8O6ITCT8PB63Y6Q4CTFLKF.ubulk" 1127
"../../../Engine/Content/Maps/Templates/OpenWorld/_Generated_/CGX8O6ITCT8PB63Y6Q4CTFLKF.umap" 1128
"../../../Engine/Content/Maps/Templates/OpenWorld/_Generated_/4VMFP9X0E1WZQ30W8JQB6M1YL.uexp" 1129
"../../../Engine/Content/Maps/Templates/OpenWorld/_Generated_/4VMFP9X0E1WZQ30W8JQB6M1YL.ubulk" 1130
"../../../Engine/Content/Maps/Templates/OpenWorld/_Generated_/4VMFP9X0E1WZQ30W8JQB6M1YL.umap" 1131
"../../../Engine/Content/Maps/Templates/OpenWorld/_Generated_/B11KFXDGHHWI998I49YF8OSCV.uexp" 1132
"../../../Engine/Content/Maps/Templates/OpenWorld/_Generated_/B11KFXDGHHWI998I49YF8OSCV.ubulk" 1133
"../../../Engine/Content/Maps/Templates/OpenWorld/_Generated_/B11KFXDGHHWI998I49YF8OSCV.umap" 1134
"../../../Engine/Content/Maps/Templates/OpenWorld/_Generated_/2EXPORCQWFXA0VGPUZFFEH42V.uexp" 1135
"../../../Engine/Content/Maps/Templates/OpenWorld/_Generated_/2EXPORCQWFXA0VGPUZFFEH42V.ubulk" 1136
"../../../Engine/Content/Maps/Templates/OpenWorld/_Generated_/2EXPORCQWFXA0VGPUZFFEH42V.umap" 1137
"../../../Engine/Content/Maps/Templates/OpenWorld/_Generated_/CMII0KWF4DK79CQ7FNE3VYZ0Y.uexp" 1138
"../../../Engine/Content/Maps/Templates/OpenWorld/_Generated_/CMII0KWF4DK79CQ7FNE3VYZ0Y.ubulk" 1139
"../../../Engine/Content/Maps/Templates/OpenWorld/_Generated_/CMII0KWF4DK79CQ7FNE3VYZ0Y.umap" 1140
"../../../Engine/Content/Maps/Templates/OpenWorld/_Generated_/7QAN0CUPH7L6XIAXVC415BO3H.uexp" 1141
"../../../Engine/Content/Maps/Templates/OpenWorld/_Generated_/7QAN0CUPH7L6XIAXVC415BO3H.ubulk" 1142
"../../../Engine/Content/Maps/Templates/OpenWorld/_Generated_/7QAN0CUPH7L6XIAXVC415BO3H.umap" 1143
"../../../Engine/Content/Maps/Templates/OpenWorld/_Generated_/062VPHY2A664O1BFN6K10ZTFC.uexp" 1144
"../../../Engine/Content/Maps/Templates/OpenWorld/_Generated_/062VPHY2A664O1BFN6K10ZTFC.ubulk" 1145
"../../../Engine/Content/Maps/Templates/OpenWorld/_Generated_/062VPHY2A664O1BFN6K10ZTFC.umap" 1146
"../../../Engine/Content/Maps/Templates/OpenWorld/_Generated_/3VF47RGRS9W4BJX2S86EFTVJD.uexp" 1147
"../../../Engine/Content/Maps/Templates/OpenWorld/_Generated_/3VF47RGRS9W4BJX2S86EFTVJD.ubulk" 1148
"../../../Engine/Content/Maps/Templates/OpenWorld/_Generated_/3VF47RGRS9W4BJX2S86EFTVJD.umap" 1149
"../../../Engine/Content/Maps/Templates/OpenWorld/_Generated_/A7UZ852D2ZZOKJMRIHDRWHDZ8.uexp" 1150
"../../../Engine/Content/Maps/Templates/OpenWorld/_Generated_/A7UZ852D2ZZOKJMRIHDRWHDZ8.ubulk" 1151
"../../../Engine/Content/Maps/Templates/OpenWorld/_Generated_/A7UZ852D2ZZOKJMRIHDRWHDZ8.umap" 1152
"../../../Engine/Content/Maps/Templates/OpenWorld/_Generated_/0ULS9JG1EER47G9XYQAP7GS53.uexp" 1153
"../../../Engine/Content/Maps/Templates/OpenWorld/_Generated_/0ULS9JG1EER47G9XYQAP7GS53.ubulk" 1154
"../../../Engine/Content/Maps/Templates/OpenWorld/_Generated_/0ULS9JG1EER47G9XYQAP7GS53.umap" 1155
"../../../Engine/Content/Maps/Templates/OpenWorld/_Generated_/2KZONTR6XMIOC1XIKLEAIDFGK.uexp" 1156
"../../../Engine/Content/Maps/Templates/OpenWorld/_Generated_/2KZONTR6XMIOC1XIKLEAIDFGK.ubulk" 1157
"../../../Engine/Content/Maps/Templates/OpenWorld/_Generated_/2KZONTR6XMIOC1XIKLEAIDFGK.umap" 1158
"../../../Engine/Content/Maps/Templates/OpenWorld/_Generated_/4ZN1OJP2B964Q0681LMOH9CAD.uexp" 1159
"../../../Engine/Content/Maps/Templates/OpenWorld/_Generated_/4ZN1OJP2B964Q0681LMOH9CAD.ubulk" 1160
"../../../Engine/Content/Maps/Templates/OpenWorld/_Generated_/4ZN1OJP2B964Q0681LMOH9CAD.umap" 1161
"../../../Engine/Content/Maps/Templates/OpenWorld/_Generated_/A162FR22SPAI1JX798GP4T1ZY.uexp" 1162
"../../../Engine/Content/Maps/Templates/OpenWorld/_Generated_/A162FR22SPAI1JX798GP4T1ZY.ubulk" 1163
"../../../Engine/Content/Maps/Templates/OpenWorld/_Generated_/A162FR22SPAI1JX798GP4T1ZY.umap" 1164
"../../../Engine/Content/Maps/Templates/OpenWorld/_Generated_/0DKNXQ64G0741WMB1HG25AYNU.uexp" 1165
"../../../Engine/Content/Maps/Templates/OpenWorld/_Generated_/0DKNXQ64G0741WMB1HG25AYNU.ubulk" 1166
"../../../Engine/Content/Maps/Templates/OpenWorld/_Generated_/0DKNXQ64G0741WMB1HG25AYNU.umap" 1167
"../../../Engine/Content/Maps/Templates/OpenWorld/_Generated_/8HTVHG4ZV10ESALAMDOXITR27.uexp" 1168
"../../../Engine/Content/Maps/Templates/OpenWorld/_Generated_/8HTVHG4ZV10ESALAMDOXITR27.ubulk" 1169
"../../../Engine/Content/Maps/Templates/OpenWorld/_Generated_/8HTVHG4ZV10ESALAMDOXITR27.umap" 1170
"../../../Engine/Content/Maps/Templates/OpenWorld/_Generated_/1XRO772MR72DR4NTZXXPNQLCL.uexp" 1171
"../../../Engine/Content/Maps/Templates/OpenWorld/_Generated_/1XRO772MR72DR4NTZXXPNQLCL.ubulk" 1172
"../../../Engine/Content/Maps/Templates/OpenWorld/_Generated_/1XRO772MR72DR4NTZXXPNQLCL.umap" 1173
"../../../Engine/Content/Maps/Templates/OpenWorld/_Generated_/1KA8PENA07S1TLPYUQT1ADWJW.uexp" 1174
"../../../Engine/Content/Maps/Templates/OpenWorld/_Generated_/1KA8PENA07S1TLPYUQT1ADWJW.ubulk" 1175
"../../../Engine/Content/Maps/Templates/OpenWorld/_Generated_/1KA8PENA07S1TLPYUQT1ADWJW.umap" 1176
"../../../Engine/Content/Maps/Templates/OpenWorld/_Generated_/EJQVVAI5ME30NB6FGJ49AXY9F.uexp" 1177
"../../../Engine/Content/Maps/Templates/OpenWorld/_Generated_/EJQVVAI5ME30NB6FGJ49AXY9F.ubulk" 1178
"../../../Engine/Content/Maps/Templates/OpenWorld/_Generated_/EJQVVAI5ME30NB6FGJ49AXY9F.umap" 1179
"../../../Engine/Content/Maps/Templates/OpenWorld/_Generated_/EUV70YALLEKX8DTKFHA9JZCNR.uexp" 1180
"../../../Engine/Content/Maps/Templates/OpenWorld/_Generated_/EUV70YALLEKX8DTKFHA9JZCNR.ubulk" 1181
"../../../Engine/Content/Maps/Templates/OpenWorld/_Generated_/EUV70YALLEKX8DTKFHA9JZCNR.umap" 1182
"../../../Engine/Content/Maps/Templates/OpenWorld/_Generated_/7E8MPC3Z1ENYFQOFU0TO8H1O3.uexp" 1183
"../../../Engine/Content/Maps/Templates/OpenWorld/_Generated_/7E8MPC3Z1ENYFQOFU0TO8H1O3.ubulk" 1184
"../../../Engine/Content/Maps/Templates/OpenWorld/_Generated_/7E8MPC3Z1ENYFQOFU0TO8H1O3.umap" 1185
"../../../Engine/Content/Maps/Templates/OpenWorld/_Generated_/6U1Q6DZVXYENNRFSLB9Q4MBCV.uexp" 1186
"../../../Engine/Content/Maps/Templates/OpenWorld/_Generated_/6U1Q6DZVXYENNRFSLB9Q4MBCV.ubulk" 1187
"../../../Engine/Content/Maps/Templates/OpenWorld/_Generated_/6U1Q6DZVXYENNRFSLB9Q4MBCV.umap" 1188
"../../../Engine/Content/Maps/Templates/OpenWorld/_Generated_/5Y4REHE1GDAJJ90DPEI1VVKT8.uexp" 1189
"../../../Engine/Content/Maps/Templates/OpenWorld/_Generated_/5Y4REHE1GDAJJ90DPEI1VVKT8.ubulk" 1190
"../../../Engine/Content/Maps/Templates/OpenWorld/_Generated_/5Y4REHE1GDAJJ90DPEI1VVKT8.umap" 1191
"../../../Engine/Content/Maps/Templates/OpenWorld/_Generated_/5YLXSWDD6B74X559RZ9RN5K99.uexp" 1192
"../../../Engine/Content/Maps/Templates/OpenWorld/_Generated_/5YLXSWDD6B74X559RZ9RN5K99.ubulk" 1193
"../../../Engine/Content/Maps/Templates/OpenWorld/_Generated_/5YLXSWDD6B74X559RZ9RN5K99.umap" 1194
"../../../Engine/Content/Maps/Templates/OpenWorld/_Generated_/47IZ3J3V5ZG6TMR3GM3VMJ2Y2.uexp" 1195
"../../../Engine/Content/Maps/Templates/OpenWorld/_Generated_/47IZ3J3V5ZG6TMR3GM3VMJ2Y2.ubulk" 1196
"../../../Engine/Content/Maps/Templates/OpenWorld/_Generated_/47IZ3J3V5ZG6TMR3GM3VMJ2Y2.umap" 1197
"../../../Engine/Content/Maps/Templates/OpenWorld/_Generated_/7IZRC9ECG7XKK61Q37LY67KCB.uexp" 1198
"../../../Engine/Content/Maps/Templates/OpenWorld/_Generated_/7IZRC9ECG7XKK61Q37LY67KCB.ubulk" 1199
"../../../Engine/Content/Maps/Templates/OpenWorld/_Generated_/7IZRC9ECG7XKK61Q37LY67KCB.umap" 1200
"../../../Engine/Content/Maps/Templates/OpenWorld/_Generated_/5589EJ3YNAFY0K517GT76Z3EM.uexp" 1201
"../../../Engine/Content/Maps/Templates/OpenWorld/_Generated_/5589EJ3YNAFY0K517GT76Z3EM.ubulk" 1202
"../../../Engine/Content/Maps/Templates/OpenWorld/_Generated_/5589EJ3YNAFY0K517GT76Z3EM.umap" 1203
"../../../Engine/Content/Maps/Templates/OpenWorld/_Generated_/23ZR7LQ5LZ3FS0PMCR1ZKJBX5.uexp" 1204
"../../../Engine/Content/Maps/Templates/OpenWorld/_Generated_/23ZR7LQ5LZ3FS0PMCR1ZKJBX5.ubulk" 1205
"../../../Engine/Content/Maps/Templates/OpenWorld/_Generated_/23ZR7LQ5LZ3FS0PMCR1ZKJBX5.umap" 1206
"../../../Engine/Content/Maps/Templates/OpenWorld/_Generated_/9CG6NSY5SPFUYJH4AIWXX1QD9.uexp" 1207
"../../../Engine/Content/Maps/Templates/OpenWorld/_Generated_/9CG6NSY5SPFUYJH4AIWXX1QD9.ubulk" 1208
"../../../Engine/Content/Maps/Templates/OpenWorld/_Generated_/9CG6NSY5SPFUYJH4AIWXX1QD9.umap" 1209
"../../../Engine/Content/Maps/Templates/OpenWorld/_Generated_/ERDR3X7GTNEIJLJS14Q6QZGUD.uexp" 1210
"../../../Engine/Content/Maps/Templates/OpenWorld/_Generated_/ERDR3X7GTNEIJLJS14Q6QZGUD.ubulk" 1211
"../../../Engine/Content/Maps/Templates/OpenWorld/_Generated_/ERDR3X7GTNEIJLJS14Q6QZGUD.umap" 1212
"../../../Engine/Content/Maps/Templates/OpenWorld/_Generated_/52ROPPDGP6LV1T2TJ05NFM0XY.uexp" 1213
"../../../Engine/Content/Maps/Templates/OpenWorld/_Generated_/52ROPPDGP6LV1T2TJ05NFM0XY.ubulk" 1214
"../../../Engine/Content/Maps/Templates/OpenWorld/_Generated_/52ROPPDGP6LV1T2TJ05NFM0XY.umap" 1215
"../../../Engine/Content/Maps/Templates/OpenWorld/_Generated_/8MWLTTOWQ9MQISB0FTDRBG27N.uexp" 1216
"../../../Engine/Content/Maps/Templates/OpenWorld/_Generated_/8MWLTTOWQ9MQISB0FTDRBG27N.ubulk" 1217
"../../../Engine/Content/Maps/Templates/OpenWorld/_Generated_/8MWLTTOWQ9MQISB0FTDRBG27N.umap" 1218
"../../../Engine/Content/Maps/Templates/OpenWorld/_Generated_/DQ6VH2NBB7RXPEUMYIX9HP52D.uexp" 1219
"../../../Engine/Content/Maps/Templates/OpenWorld/_Generated_/DQ6VH2NBB7RXPEUMYIX9HP52D.ubulk" 1220
"../../../Engine/Content/Maps/Templates/OpenWorld/_Generated_/DQ6VH2NBB7RXPEUMYIX9HP52D.umap" 1221
"../../../Engine/Content/Maps/Templates/OpenWorld/_Generated_/ETTXYQ53RP132MUZA505BMZBV.uexp" 1222
"../../../Engine/Content/Maps/Templates/OpenWorld/_Generated_/ETTXYQ53RP132MUZA505BMZBV.ubulk" 1223
"../../../Engine/Content/Maps/Templates/OpenWorld/_Generated_/ETTXYQ53RP132MUZA505BMZBV.umap" 1224
"../../../Engine/Content/Maps/Templates/OpenWorld/_Generated_/5JYRKCDWVZW8AS85ROYF9H9AR.uexp" 1225
"../../../Engine/Content/Maps/Templates/OpenWorld/_Generated_/5JYRKCDWVZW8AS85ROYF9H9AR.ubulk" 1226
"../../../Engine/Content/Maps/Templates/OpenWorld/_Generated_/5JYRKCDWVZW8AS85ROYF9H9AR.umap" 1227
"../../../Engine/Content/Maps/Templates/OpenWorld/_Generated_/9NTQYTBKVO06SRUD63GKC165Y.uexp" 1228
"../../../Engine/Content/Maps/Templates/OpenWorld/_Generated_/9NTQYTBKVO06SRUD63GKC165Y.ubulk" 1229
"../../../Engine/Content/Maps/Templates/OpenWorld/_Generated_/9NTQYTBKVO06SRUD63GKC165Y.umap" 1230
"../../../Engine/Content/Maps/Templates/OpenWorld/_Generated_/BXVJS9DZO1LTJ87VJXMLNXJ85.uexp" 1231
"../../../Engine/Content/Maps/Templates/OpenWorld/_Generated_/BXVJS9DZO1LTJ87VJXMLNXJ85.ubulk" 1232
"../../../Engine/Content/Maps/Templates/OpenWorld/_Generated_/BXVJS9DZO1LTJ87VJXMLNXJ85.umap" 1233
"../../../Engine/Content/Maps/Templates/OpenWorld/_Generated_/EVZZ44OOC35CBVX4NIVJ6ZF92.uexp" 1234
"../../../Engine/Content/Maps/Templates/OpenWorld/_Generated_/EVZZ44OOC35CBVX4NIVJ6ZF92.ubulk" 1235
"../../../Engine/Content/Maps/Templates/OpenWorld/_Generated_/EVZZ44OOC35CBVX4NIVJ6ZF92.umap" 1236
"../../../Engine/Content/Maps/Templates/OpenWorld/_Generated_/14TWR481M9BR03G9I7NG4KINT.uexp" 1237
"../../../Engine/Content/Maps/Templates/OpenWorld/_Generated_/14TWR481M9BR03G9I7NG4KINT.ubulk" 1238
"../../../Engine/Content/Maps/Templates/OpenWorld/_Generated_/14TWR481M9BR03G9I7NG4KINT.umap" 1239
"../../../Engine/Content/Maps/Templates/OpenWorld/_Generated_/9SC5WUA5JIS0UM415PBWV1RPM.uexp" 1240
"../../../Engine/Content/Maps/Templates/OpenWorld/_Generated_/9SC5WUA5JIS0UM415PBWV1RPM.ubulk" 1241
"../../../Engine/Content/Maps/Templates/OpenWorld/_Generated_/9SC5WUA5JIS0UM415PBWV1RPM.umap" 1242
"../../../Engine/Content/Maps/Templates/OpenWorld/_Generated_/0FO269CJJPT1KWUNPV8I3D7HF.uexp" 1243
"../../../Engine/Content/Maps/Templates/OpenWorld/_Generated_/0FO269CJJPT1KWUNPV8I3D7HF.ubulk" 1244
"../../../Engine/Content/Maps/Templates/OpenWorld/_Generated_/0FO269CJJPT1KWUNPV8I3D7HF.umap" 1245
"../../../Engine/Content/Maps/Templates/OpenWorld/_Generated_/6STUIE5HIVZGCEZANDWW93U27.uexp" 1246
"../../../Engine/Content/Maps/Templates/OpenWorld/_Generated_/6STUIE5HIVZGCEZANDWW93U27.ubulk" 1247
"../../../Engine/Content/Maps/Templates/OpenWorld/_Generated_/6STUIE5HIVZGCEZANDWW93U27.umap" 1248
"../../../Engine/Content/Maps/Templates/OpenWorld/_Generated_/DCTE9CM81UE50WYEPVQYX7F1G.uexp" 1249
"../../../Engine/Content/Maps/Templates/OpenWorld/_Generated_/DCTE9CM81UE50WYEPVQYX7F1G.ubulk" 1250
"../../../Engine/Content/Maps/Templates/OpenWorld/_Generated_/DCTE9CM81UE50WYEPVQYX7F1G.umap" 1251
"../../../Engine/Content/Maps/Templates/OpenWorld/_Generated_/5GC7QNJQ9XVF1C45OZMTCJC0G.uexp" 1252
"../../../Engine/Content/Maps/Templates/OpenWorld/_Generated_/5GC7QNJQ9XVF1C45OZMTCJC0G.ubulk" 1253
"../../../Engine/Content/Maps/Templates/OpenWorld/_Generated_/5GC7QNJQ9XVF1C45OZMTCJC0G.umap" 1254
"../../../Engine/Content/Maps/Templates/OpenWorld/_Generated_/8FBSR6G98CEOTI59LE9GFCH6X.uexp" 1255
"../../../Engine/Content/Maps/Templates/OpenWorld/_Generated_/8FBSR6G98CEOTI59LE9GFCH6X.ubulk" 1256
"../../../Engine/Content/Maps/Templates/OpenWorld/_Generated_/8FBSR6G98CEOTI59LE9GFCH6X.umap" 1257
"../../../Engine/Content/Maps/Templates/OpenWorld/_Generated_/264SVRNDEWW4MGWUIDC4BTIXK.uexp" 1258
"../../../Engine/Content/Maps/Templates/OpenWorld/_Generated_/264SVRNDEWW4MGWUIDC4BTIXK.ubulk" 1259
"../../../Engine/Content/Maps/Templates/OpenWorld/_Generated_/264SVRNDEWW4MGWUIDC4BTIXK.umap" 1260
"../../../Engine/Content/Maps/Templates/OpenWorld/_Generated_/7W0EWM8OGZ345XSTZNS5AQMBI.uexp" 1261
"../../../Engine/Content/Maps/Templates/OpenWorld/_Generated_/7W0EWM8OGZ345XSTZNS5AQMBI.ubulk" 1262
"../../../Engine/Content/Maps/Templates/OpenWorld/_Generated_/7W0EWM8OGZ345XSTZNS5AQMBI.umap" 1263
